-- phpMyAdmin SQL Dump
-- version 4.0.9
-- http://www.phpmyadmin.net
--
-- Host: 127.0.0.1
-- Generation Time: Sep 17, 2016 at 05:34 AM
-- Server version: 5.6.14
-- PHP Version: 5.5.6

SET SQL_MODE = "NO_AUTO_VALUE_ON_ZERO";
SET time_zone = "+00:00";


/*!40101 SET @OLD_CHARACTER_SET_CLIENT=@@CHARACTER_SET_CLIENT */;
/*!40101 SET @OLD_CHARACTER_SET_RESULTS=@@CHARACTER_SET_RESULTS */;
/*!40101 SET @OLD_COLLATION_CONNECTION=@@COLLATION_CONNECTION */;
/*!40101 SET NAMES utf8 */;

--
-- Database: `medi_final`
--

-- --------------------------------------------------------

--
-- Table structure for table `audit_data`
--

CREATE TABLE IF NOT EXISTS `audit_data` (
  `id` int(11) NOT NULL AUTO_INCREMENT,
  `entry_id` int(11) NOT NULL,
  `type` varchar(255) NOT NULL,
  `data` blob,
  `created` datetime DEFAULT NULL,
  PRIMARY KEY (`id`),
  KEY `fk_audit_data_entry_id` (`entry_id`)
) ENGINE=InnoDB  DEFAULT CHARSET=utf8 AUTO_INCREMENT=2401 ;

--
-- Dumping data for table `audit_data`
--



-- --------------------------------------------------------

--
-- Table structure for table `audit_entry`
--

CREATE TABLE IF NOT EXISTS `audit_entry` (
  `id` int(11) NOT NULL AUTO_INCREMENT,
  `created` datetime NOT NULL,
  `user_id` int(11) DEFAULT '0',
  `duration` float DEFAULT NULL,
  `ip` varchar(45) DEFAULT NULL,
  `request_method` varchar(16) DEFAULT NULL,
  `ajax` int(1) NOT NULL DEFAULT '0',
  `route` varchar(255) DEFAULT NULL,
  `memory_max` int(11) DEFAULT NULL,
  PRIMARY KEY (`id`),
  KEY `idx_user_id` (`user_id`),
  KEY `idx_route` (`route`)
) ENGINE=InnoDB  DEFAULT CHARSET=utf8 AUTO_INCREMENT=820 ;

--
-- Dumping data for table `audit_entry`
--

INSERT INTO `audit_entry` (`id`, `created`, `user_id`, `duration`, `ip`, `request_method`, `ajax`, `route`, `memory_max`) VALUES
(1, '2016-09-12 10:37:12', 0, 0.633793, '127.0.0.1', 'GET', 0, 'user-management/auth/login', 7220272),
(2, '2016-09-12 10:37:24', 0, 1.758, '127.0.0.1', 'POST', 0, 'user-management/auth/login', 6898016),
(3, '2016-09-12 10:37:26', 1, 0.423797, '127.0.0.1', 'GET', 0, 'site/index', 6423544),
(4, '2016-09-12 10:37:27', 1, 1.26356, '127.0.0.1', 'GET', 1, 'debug/default/toolbar', 6246712),
(5, '2016-09-12 10:37:40', 1, 0.716959, '127.0.0.1', 'GET', 0, 'user-management/user/index', 8231048),
(6, '2016-09-12 10:37:41', 1, 0.216979, '127.0.0.1', 'GET', 1, 'debug/default/toolbar', 6366288),
(7, '2016-09-12 10:37:44', 1, 0.450722, '127.0.0.1', 'GET', 0, 'student-search/index', 7328584),
(8, '2016-09-12 10:37:44', 1, 0.206792, '127.0.0.1', 'GET', 1, 'debug/default/toolbar', 6297672),
(9, '2016-09-12 10:38:46', 1, 0.391179, '127.0.0.1', 'GET', 0, 'user-management/user/index', 8231048),
(10, '2016-09-12 10:38:47', 1, 0.579625, '127.0.0.1', 'GET', 1, 'debug/default/toolbar', 6368584),
(11, '2016-09-12 10:38:59', 1, 0.544124, '127.0.0.1', 'GET', 0, 'user-management/user/create', 7537584),
(12, '2016-09-12 10:39:00', 1, 0.585509, '127.0.0.1', 'GET', 1, 'debug/default/toolbar', 6243784),
(13, '2016-09-12 10:39:45', 1, 1.10528, '127.0.0.1', 'POST', 0, 'user-management/user/create', 6345056),
(14, '2016-09-12 10:39:46', 1, 0.458887, '127.0.0.1', 'GET', 0, 'user-management/user/view', 7402184),
(15, '2016-09-12 10:39:48', 1, 0.553295, '127.0.0.1', 'GET', 1, 'debug/default/toolbar', 6266472),
(16, '2016-09-12 10:39:50', 1, 0.238308, '127.0.0.1', 'GET', 0, 'user-management/user-permission/set', 7200088),
(17, '2016-09-12 10:39:51', 1, 0.226019, '127.0.0.1', 'GET', 1, 'debug/default/toolbar', 6360528),
(18, '2016-09-12 10:39:58', 1, 0.346202, '127.0.0.1', 'GET', 0, 'user-management/role/index', 8092648),
(19, '2016-09-12 10:39:59', 1, 0.699452, '127.0.0.1', 'GET', 1, 'debug/default/toolbar', 6324568),
(20, '2016-09-12 10:40:06', 1, 0.322058, '127.0.0.1', 'GET', 0, 'user-management/role/create', 7525616),
(21, '2016-09-12 10:40:06', 1, 0.26715, '127.0.0.1', 'GET', 1, 'debug/default/toolbar', 6266792),
(22, '2016-09-12 10:40:20', 1, 0.750941, '127.0.0.1', 'POST', 0, 'user-management/role/create', 6319560),
(23, '2016-09-12 10:40:21', 1, 0.293599, '127.0.0.1', 'GET', 0, 'user-management/role/view', 7331968),
(24, '2016-09-12 10:40:22', 1, 0.673009, '127.0.0.1', 'GET', 1, 'debug/default/toolbar', 6344928),
(25, '2016-09-12 10:41:27', 1, 0.978043, '127.0.0.1', 'POST', 0, 'user-management/role/set-child-permissions', 6715168),
(26, '2016-09-12 10:41:29', 1, 0.30232, '127.0.0.1', 'GET', 0, 'user-management/role/view', 7350784),
(27, '2016-09-12 10:41:29', 1, 0.646, '127.0.0.1', 'GET', 1, 'debug/default/toolbar', 6359552),
(28, '2016-09-12 10:41:45', 1, 0.306111, '127.0.0.1', 'GET', 0, 'user-management/role/index', 8097728),
(29, '2016-09-12 10:41:45', 1, 0.196749, '127.0.0.1', 'GET', 1, 'debug/default/toolbar', 6331416),
(30, '2016-09-12 10:41:51', 1, 0.402652, '127.0.0.1', 'GET', 0, 'user-management/permission/index', 8217560),
(31, '2016-09-12 10:41:52', 1, 0.229724, '127.0.0.1', 'GET', 1, 'debug/default/toolbar', 6370488),
(32, '2016-09-12 10:42:20', 1, 0.304081, '127.0.0.1', 'GET', 0, 'user-management/auth-item-group/index', 7929856),
(33, '2016-09-12 10:42:20', 1, 0.223891, '127.0.0.1', 'GET', 1, 'debug/default/toolbar', 6305312),
(34, '2016-09-12 10:42:33', 1, 0.244316, '127.0.0.1', 'GET', 0, 'user-management/auth-item-group/create', 7411040),
(35, '2016-09-12 10:42:34', 1, 0.413682, '127.0.0.1', 'GET', 1, 'debug/default/toolbar', 6279032),
(36, '2016-09-12 10:42:44', 1, 0.876429, '127.0.0.1', 'POST', 0, 'user-management/auth-item-group/create', 6193464),
(37, '2016-09-12 10:42:45', 1, 0.21655, '127.0.0.1', 'GET', 0, 'user-management/auth-item-group/view', 7141264),
(38, '2016-09-12 10:42:45', 1, 0.197418, '127.0.0.1', 'GET', 1, 'debug/default/toolbar', 6280016),
(39, '2016-09-12 10:42:49', 1, 0.291684, '127.0.0.1', 'GET', 0, 'user-management/permission/index', 8217608),
(40, '2016-09-12 10:42:50', 1, 0.517427, '127.0.0.1', 'GET', 1, 'debug/default/toolbar', 6376256),
(41, '2016-09-12 10:42:56', 1, 0.337303, '127.0.0.1', 'GET', 0, 'user-management/permission/create', 7565168),
(42, '2016-09-12 10:42:56', 1, 0.192208, '127.0.0.1', 'GET', 1, 'debug/default/toolbar', 6284080),
(43, '2016-09-12 10:43:10', 1, 0.314282, '127.0.0.1', 'POST', 0, 'user-management/permission/create', 6364376),
(44, '2016-09-12 10:43:10', 1, 0.298815, '127.0.0.1', 'GET', 0, 'user-management/permission/view', 7578680),
(45, '2016-09-12 10:43:11', 1, 0.47385, '127.0.0.1', 'GET', 1, 'debug/default/toolbar', 6355536),
(46, '2016-09-12 10:43:36', 1, 3.04712, '127.0.0.1', 'GET', 0, 'user-management/permission/refresh-routes', 8867216),
(47, '2016-09-12 10:43:39', 1, 0.390363, '127.0.0.1', 'GET', 0, 'user-management/permission/view', 7712656),
(48, '2016-09-12 10:43:40', 1, 0.193213, '127.0.0.1', 'GET', 1, 'debug/default/toolbar', 6390096),
(49, '2016-09-12 10:44:14', 1, 0.795723, '127.0.0.1', 'POST', 0, 'user-management/permission/set-child-routes', 6417616),
(50, '2016-09-12 10:44:15', 1, 0.236496, '127.0.0.1', 'GET', 0, 'user-management/permission/view', 7711280),
(51, '2016-09-12 10:44:16', 1, 0.433075, '127.0.0.1', 'GET', 1, 'debug/default/toolbar', 6348304),
(52, '2016-09-12 10:44:26', 1, 0.318415, '127.0.0.1', 'GET', 0, 'user-management/role/index', 8097744),
(53, '2016-09-12 10:44:26', 1, 0.235441, '127.0.0.1', 'GET', 1, 'debug/default/toolbar', 6322928),
(54, '2016-09-12 10:44:33', 1, 0.295591, '127.0.0.1', 'GET', 0, 'user-management/role/view', 7358560),
(55, '2016-09-12 10:44:34', 1, 0.256961, '127.0.0.1', 'GET', 1, 'debug/default/toolbar', 6353136),
(56, '2016-09-12 10:44:46', 1, 0.426229, '127.0.0.1', 'POST', 0, 'user-management/role/set-child-permissions', 6406008),
(57, '2016-09-12 10:44:46', 1, 0.206947, '127.0.0.1', 'GET', 0, 'user-management/role/view', 7359864),
(58, '2016-09-12 10:44:47', 1, 0.528957, '127.0.0.1', 'GET', 1, 'debug/default/toolbar', 6356688),
(59, '2016-09-12 10:44:51', 1, 0.301026, '127.0.0.1', 'GET', 0, 'user-management/role/index', 8097728),
(60, '2016-09-12 10:44:51', 1, 0.236995, '127.0.0.1', 'GET', 1, 'debug/default/toolbar', 6327504),
(61, '2016-09-12 10:44:55', 1, 0.280118, '127.0.0.1', 'GET', 0, 'user-management/role/view', 7359504),
(62, '2016-09-12 10:44:55', 1, 0.228994, '127.0.0.1', 'GET', 1, 'debug/default/toolbar', 6358448),
(63, '2016-09-12 10:44:58', 1, 0.807704, '127.0.0.1', 'GET', 0, 'user-management/role/view', 7357224),
(64, '2016-09-12 10:44:59', 1, 0.231856, '127.0.0.1', 'GET', 1, 'debug/default/toolbar', 6357816),
(65, '2016-09-12 10:45:06', 1, 0.497384, '127.0.0.1', 'POST', 0, 'user-management/role/set-child-roles', 6730120),
(66, '2016-09-12 10:45:07', 1, 0.717436, '127.0.0.1', 'GET', 0, 'user-management/role/view', 7364056),
(67, '2016-09-12 10:45:08', 1, 0.181032, '127.0.0.1', 'GET', 1, 'debug/default/toolbar', 6362288),
(68, '2016-09-12 10:45:11', 1, 0.270746, '127.0.0.1', 'GET', 0, 'user-management/user/index', 8242376),
(69, '2016-09-12 10:45:11', 1, 0.258768, '127.0.0.1', 'GET', 1, 'debug/default/toolbar', 6358336),
(70, '2016-09-12 10:45:16', 1, 0.272514, '127.0.0.1', 'GET', 0, 'user-management/user/view', 7401936),
(71, '2016-09-12 10:45:17', 1, 0.220339, '127.0.0.1', 'GET', 1, 'debug/default/toolbar', 6265912),
(72, '2016-09-12 10:45:19', 1, 0.58298, '127.0.0.1', 'GET', 0, 'user-management/user-permission/set', 7213568),
(73, '2016-09-12 10:45:20', 1, 0.574116, '127.0.0.1', 'GET', 1, 'debug/default/toolbar', 6376688),
(74, '2016-09-12 10:45:24', 1, 0.377194, '127.0.0.1', 'POST', 0, 'user-management/user-permission/set-roles', 6245608),
(75, '2016-09-12 10:45:25', 1, 0.24838, '127.0.0.1', 'GET', 0, 'user-management/user-permission/set', 7298736),
(76, '2016-09-12 10:45:25', 1, 0.189707, '127.0.0.1', 'GET', 1, 'debug/default/toolbar', 6410536),
(77, '2016-09-12 10:45:28', 1, 0.454046, '127.0.0.1', 'GET', 0, 'user-management/user/index', 8250392),
(78, '2016-09-12 10:45:28', 1, 0.257343, '127.0.0.1', 'GET', 1, 'debug/default/toolbar', 6364176),
(79, '2016-09-12 10:45:38', 1, 0.230373, '127.0.0.1', 'GET', 0, 'user-management/user/create', 7537584),
(80, '2016-09-12 10:45:38', 1, 0.181074, '127.0.0.1', 'GET', 1, 'debug/default/toolbar', 6251416),
(81, '2016-09-12 10:46:06', 1, 1.17542, '127.0.0.1', 'POST', 0, 'user-management/user/create', 6345040),
(82, '2016-09-12 10:46:07', 1, 0.474051, '127.0.0.1', 'GET', 0, 'user-management/user/view', 7402648),
(83, '2016-09-12 10:46:08', 1, 0.257547, '127.0.0.1', 'GET', 1, 'debug/default/toolbar', 6274136),
(84, '2016-09-12 10:46:12', 1, 0.292043, '127.0.0.1', 'GET', 0, 'user-management/role/index', 8097728),
(85, '2016-09-12 10:46:12', 1, 0.209907, '127.0.0.1', 'GET', 1, 'debug/default/toolbar', 6331096),
(86, '2016-09-12 10:46:14', 1, 0.283871, '127.0.0.1', 'GET', 0, 'user-management/role/create', 7525616),
(87, '2016-09-12 10:46:15', 1, 0.272347, '127.0.0.1', 'GET', 1, 'debug/default/toolbar', 6273360),
(88, '2016-09-12 10:46:21', 1, 0.291941, '127.0.0.1', 'POST', 0, 'user-management/role/create', 6319472),
(89, '2016-09-12 10:46:22', 1, 0.223055, '127.0.0.1', 'GET', 0, 'user-management/role/view', 7340360),
(90, '2016-09-12 10:46:23', 1, 0.496513, '127.0.0.1', 'GET', 1, 'debug/default/toolbar', 6339000),
(91, '2016-09-12 10:46:28', 1, 0.329028, '127.0.0.1', 'GET', 0, 'user-management/role/view', 7360208),
(92, '2016-09-12 10:46:28', 1, 0.227059, '127.0.0.1', 'GET', 1, 'debug/default/toolbar', 6353024),
(93, '2016-09-12 10:46:50', 1, 1.03127, '127.0.0.1', 'POST', 0, 'user-management/role/set-child-permissions', 6361208),
(94, '2016-09-12 10:46:51', 1, 0.207214, '127.0.0.1', 'GET', 0, 'user-management/role/view', 7356112),
(95, '2016-09-12 10:46:52', 1, 0.280236, '127.0.0.1', 'GET', 1, 'debug/default/toolbar', 6352280),
(96, '2016-09-12 10:46:58', 1, 0.285915, '127.0.0.1', 'POST', 0, 'user-management/role/set-child-roles', 6336040),
(97, '2016-09-12 10:46:59', 1, 0.251041, '127.0.0.1', 'GET', 0, 'user-management/role/view', 7361192),
(98, '2016-09-12 10:46:59', 1, 0.198788, '127.0.0.1', 'GET', 1, 'debug/default/toolbar', 6354592),
(99, '2016-09-12 10:47:04', 1, 0.317425, '127.0.0.1', 'POST', 0, 'user-management/role/set-child-roles', 6310472),
(100, '2016-09-12 10:47:05', 1, 0.508633, '127.0.0.1', 'GET', 0, 'user-management/role/view', 7361192),
(101, '2016-09-12 10:47:05', 1, 0.173307, '127.0.0.1', 'GET', 1, 'debug/default/toolbar', 6356896),
(102, '2016-09-12 10:47:07', 1, 0.232, '127.0.0.1', 'GET', 0, 'user-management/role/index', 8102672),
(103, '2016-09-12 10:47:07', 1, 0.2468, '127.0.0.1', 'GET', 1, 'debug/default/toolbar', 6331240),
(104, '2016-09-12 10:47:10', 1, 0.213367, '127.0.0.1', 'GET', 0, 'user-management/role/view', 7360576),
(105, '2016-09-12 10:47:10', 1, 0.198777, '127.0.0.1', 'GET', 1, 'debug/default/toolbar', 6358688),
(106, '2016-09-12 10:47:31', 1, 0.907844, '127.0.0.1', 'POST', 0, 'user-management/role/set-child-permissions', 6713848),
(107, '2016-09-12 10:47:32', 1, 0.278221, '127.0.0.1', 'GET', 0, 'user-management/role/view', 7366992),
(108, '2016-09-12 10:47:32', 1, 0.191121, '127.0.0.1', 'GET', 1, 'debug/default/toolbar', 6352736),
(109, '2016-09-12 10:47:35', 1, 0.317377, '127.0.0.1', 'POST', 0, 'user-management/role/set-child-roles', 6588312),
(110, '2016-09-12 10:47:36', 1, 0.460241, '127.0.0.1', 'GET', 0, 'user-management/role/view', 7366992),
(111, '2016-09-12 10:47:37', 1, 0.165305, '127.0.0.1', 'GET', 1, 'debug/default/toolbar', 6355032),
(112, '2016-09-12 10:47:43', 1, 0.300497, '127.0.0.1', 'GET', 0, 'user-management/role/index', 8102672),
(113, '2016-09-12 10:47:44', 1, 0.201409, '127.0.0.1', 'GET', 1, 'debug/default/toolbar', 6325696),
(114, '2016-09-12 10:47:46', 1, 0.295435, '127.0.0.1', 'GET', 0, 'user-management/user/index', 8261832),
(115, '2016-09-12 10:47:46', 1, 0.212276, '127.0.0.1', 'GET', 1, 'debug/default/toolbar', 6364416),
(116, '2016-09-12 10:47:55', 1, 0.339928, '127.0.0.1', 'GET', 0, 'user-management/role/index', 8102616),
(117, '2016-09-12 10:47:55', 1, 0.201102, '127.0.0.1', 'GET', 1, 'debug/default/toolbar', 6327880),
(118, '2016-09-12 10:47:57', 1, 0.676108, '127.0.0.1', 'GET', 0, 'user-management/role/view', 7339944),
(119, '2016-09-12 10:47:57', 1, 0.275017, '127.0.0.1', 'GET', 1, 'debug/default/toolbar', 6345784),
(120, '2016-09-12 10:48:02', 1, 0.226743, '127.0.0.1', 'GET', 0, 'user-management/role/view', 7366296),
(121, '2016-09-12 10:48:02', 1, 0.190148, '127.0.0.1', 'GET', 1, 'debug/default/toolbar', 6360208),
(122, '2016-09-12 10:48:03', 1, 0.193187, '127.0.0.1', 'POST', 0, 'user-management/role/set-child-roles', 6314960),
(123, '2016-09-12 10:48:04', 1, 0.502559, '127.0.0.1', 'GET', 0, 'user-management/role/view', 7366992),
(124, '2016-09-12 10:48:04', 1, 0.196772, '127.0.0.1', 'GET', 1, 'debug/default/toolbar', 6363000),
(125, '2016-09-12 10:48:25', 1, 0.235165, '127.0.0.1', 'GET', 0, 'user-management/user/index', 8261904),
(126, '2016-09-12 10:48:26', 1, 0.210976, '127.0.0.1', 'GET', 1, 'debug/default/toolbar', 6358728),
(127, '2016-09-12 10:48:28', 1, 0.227296, '127.0.0.1', 'GET', 0, 'user-management/user/view', 7402424),
(128, '2016-09-12 10:48:28', 1, 0.175499, '127.0.0.1', 'GET', 1, 'debug/default/toolbar', 6266152),
(129, '2016-09-12 10:48:30', 1, 0.303047, '127.0.0.1', 'GET', 0, 'user-management/user-permission/set', 7226736),
(130, '2016-09-12 10:48:30', 1, 0.183169, '127.0.0.1', 'GET', 1, 'debug/default/toolbar', 6393192),
(131, '2016-09-12 10:48:33', 1, 0.244197, '127.0.0.1', 'POST', 0, 'user-management/user-permission/set-roles', 6242160),
(132, '2016-09-12 10:48:34', 1, 0.218974, '127.0.0.1', 'GET', 0, 'user-management/user-permission/set', 7232072),
(133, '2016-09-12 10:48:34', 1, 0.23818, '127.0.0.1', 'GET', 1, 'debug/default/toolbar', 6395968),
(134, '2016-09-12 10:48:36', 1, 0.297249, '127.0.0.1', 'GET', 0, 'user-management/role/view', 7340112),
(135, '2016-09-12 10:48:37', 1, 0.19152, '127.0.0.1', 'GET', 1, 'debug/default/toolbar', 6343528),
(136, '2016-09-12 10:48:42', 1, 0.360012, '127.0.0.1', 'POST', 0, 'user-management/role/set-child-permissions', 6391544),
(137, '2016-09-12 10:48:43', 1, 0.251104, '127.0.0.1', 'GET', 0, 'user-management/role/view', 7355864),
(138, '2016-09-12 10:48:43', 1, 0.12298, '127.0.0.1', 'GET', 1, 'debug/default/toolbar', 6355416),
(139, '2016-09-12 10:48:45', 1, 0.263454, '127.0.0.1', 'GET', 0, 'user-management/user/index', 8265776),
(140, '2016-09-12 10:48:45', 1, 0.24282, '127.0.0.1', 'GET', 1, 'debug/default/toolbar', 6367872),
(141, '2016-09-12 10:48:47', 1, 0.192855, '127.0.0.1', 'GET', 0, 'user-management/user/view', 7407016),
(142, '2016-09-12 10:48:47', 1, 0.165704, '127.0.0.1', 'GET', 1, 'debug/default/toolbar', 6275296),
(143, '2016-09-12 10:48:49', 1, 0.286821, '127.0.0.1', 'GET', 0, 'user-management/user-permission/set', 7315912),
(144, '2016-09-12 10:48:49', 1, 0.188292, '127.0.0.1', 'GET', 1, 'debug/default/toolbar', 6433712),
(145, '2016-09-12 10:49:12', 1, 0.217019, '127.0.0.1', 'GET', 0, 'user-management/auth/logout', 5722496),
(146, '2016-09-12 10:49:12', 0, 0.147763, '127.0.0.1', 'GET', 0, 'user-management/auth/login', 6646976),
(147, '2016-09-12 10:49:20', 0, 1.22677, '127.0.0.1', 'POST', 0, 'user-management/auth/login', 6961048),
(148, '2016-09-12 10:49:22', 2, 0.592858, '127.0.0.1', 'GET', 0, 'site/index', 6741048),
(149, '2016-09-12 10:49:22', 2, 1.2208, '127.0.0.1', 'GET', 1, 'debug/default/toolbar', 6255136),
(150, '2016-09-12 10:49:30', 2, 0.349637, '127.0.0.1', 'GET', 0, 'user-management/user/index', 8248640),
(151, '2016-09-12 10:49:31', 2, 0.189394, '127.0.0.1', 'GET', 1, 'debug/default/toolbar', 6375160),
(152, '2016-09-12 10:49:37', 2, 0.256368, '127.0.0.1', 'GET', 0, 'user-management/auth/logout', 5724744),
(153, '2016-09-12 10:49:37', 0, 0.182599, '127.0.0.1', 'GET', 0, 'user-management/auth/login', 6646976),
(154, '2016-09-12 10:49:54', 0, 1.29529, '127.0.0.1', 'POST', 0, 'user-management/auth/login', 6898008),
(155, '2016-09-12 10:49:56', 1, 0.194733, '127.0.0.1', 'GET', 0, 'site/index', 6423528),
(156, '2016-09-12 10:49:56', 1, 1.20951, '127.0.0.1', 'GET', 1, 'debug/default/toolbar', 6240856),
(157, '2016-09-12 10:50:01', 1, 0.290783, '127.0.0.1', 'GET', 0, 'user-management/user/index', 8265760),
(158, '2016-09-12 10:50:01', 1, 0.282595, '127.0.0.1', 'GET', 1, 'debug/default/toolbar', 6360608),
(159, '2016-09-12 10:50:04', 1, 0.220066, '127.0.0.1', 'GET', 0, 'user-management/user/view', 7407016),
(160, '2016-09-12 10:50:04', 1, 0.209735, '127.0.0.1', 'GET', 1, 'debug/default/toolbar', 6268120),
(161, '2016-09-12 10:50:06', 1, 0.314598, '127.0.0.1', 'GET', 0, 'user-management/user-permission/set', 7315912),
(162, '2016-09-12 10:50:06', 1, 0.417608, '127.0.0.1', 'GET', 1, 'debug/default/toolbar', 6426560),
(163, '2016-09-12 10:50:09', 1, 0.305625, '127.0.0.1', 'GET', 0, 'user-management/permission/view', 7710656),
(164, '2016-09-12 10:50:09', 1, 0.268199, '127.0.0.1', 'GET', 1, 'debug/default/toolbar', 6352504),
(165, '2016-09-12 10:50:28', 1, 0.314519, '127.0.0.1', 'POST', 0, 'user-management/permission/set-child-routes', 6298584),
(166, '2016-09-12 10:50:28', 1, 0.256974, '127.0.0.1', 'GET', 0, 'user-management/permission/view', 7711280),
(167, '2016-09-12 10:50:29', 1, 0.192454, '127.0.0.1', 'GET', 1, 'debug/default/toolbar', 6355232),
(168, '2016-09-12 10:50:33', 1, 0.21653, '127.0.0.1', 'GET', 0, 'user-management/user/index', 8265856),
(169, '2016-09-12 10:50:33', 1, 0.203825, '127.0.0.1', 'GET', 1, 'debug/default/toolbar', 6367616),
(170, '2016-09-12 10:50:35', 1, 0.311532, '127.0.0.1', 'GET', 0, 'user-management/role/index', 8102616),
(171, '2016-09-12 10:50:35', 1, 0.225144, '127.0.0.1', 'GET', 1, 'debug/default/toolbar', 6331056),
(172, '2016-09-12 10:50:37', 1, 0.335388, '127.0.0.1', 'GET', 0, 'user-management/role/view', 7366344),
(173, '2016-09-12 10:50:38', 1, 0.172103, '127.0.0.1', 'GET', 1, 'debug/default/toolbar', 6362176),
(174, '2016-09-12 10:50:45', 1, 0.286978, '127.0.0.1', 'GET', 0, 'user-management/role/view', 7355336),
(175, '2016-09-12 10:50:46', 1, 0.215908, '127.0.0.1', 'GET', 1, 'debug/default/toolbar', 6346720),
(176, '2016-09-12 10:50:48', 1, 0.26011, '127.0.0.1', 'GET', 0, 'user-management/permission/view', 7710648),
(177, '2016-09-12 10:50:49', 1, 0.206159, '127.0.0.1', 'GET', 1, 'debug/default/toolbar', 6347880),
(178, '2016-09-12 10:50:53', 1, 0.242841, '127.0.0.1', 'POST', 0, 'user-management/permission/set-child-routes', 6298584),
(179, '2016-09-12 10:50:54', 1, 0.252936, '127.0.0.1', 'GET', 0, 'user-management/permission/view', 7711280),
(180, '2016-09-12 10:50:55', 1, 0.470467, '127.0.0.1', 'GET', 1, 'debug/default/toolbar', 6350760),
(181, '2016-09-12 10:51:08', 1, 0.297273, '127.0.0.1', 'GET', 0, 'student-search/index', 7328672),
(182, '2016-09-12 10:51:08', 1, 0.282891, '127.0.0.1', 'GET', 1, 'debug/default/toolbar', 6293032),
(183, '2016-09-12 10:51:12', 1, 0.273724, '127.0.0.1', 'GET', 0, 'user-management/permission/index', 8229488),
(184, '2016-09-12 10:51:13', 1, 0.225597, '127.0.0.1', 'GET', 1, 'debug/default/toolbar', 6376744),
(185, '2016-09-12 10:51:14', 1, 0.306591, '127.0.0.1', 'GET', 0, 'user-management/permission/view', 7710648),
(186, '2016-09-12 10:51:15', 1, 0.233842, '127.0.0.1', 'GET', 1, 'debug/default/toolbar', 6353512),
(187, '2016-09-12 10:51:26', 1, 0.701334, '127.0.0.1', 'GET', 0, 'user-management/role/index', 8102696),
(188, '2016-09-12 10:51:27', 1, 0.22453, '127.0.0.1', 'GET', 1, 'debug/default/toolbar', 6328856),
(189, '2016-09-12 10:51:31', 1, 0.289711, '127.0.0.1', 'GET', 0, 'user-management/role/view', 7364784),
(190, '2016-09-12 10:51:31', 1, 0.235839, '127.0.0.1', 'GET', 1, 'debug/default/toolbar', 6359872),
(191, '2016-09-12 10:51:39', 1, 0.318021, '127.0.0.1', 'POST', 0, 'user-management/role/set-child-roles', 6407880),
(192, '2016-09-12 10:51:40', 1, 0.210596, '127.0.0.1', 'GET', 0, 'user-management/role/view', 7365680),
(193, '2016-09-12 10:51:40', 1, 0.180975, '127.0.0.1', 'GET', 1, 'debug/default/toolbar', 6362648),
(194, '2016-09-12 10:51:49', 1, 0.292453, '127.0.0.1', 'GET', 0, 'user-management/role/index', 8102672),
(195, '2016-09-12 10:51:50', 1, 0.186222, '127.0.0.1', 'GET', 1, 'debug/default/toolbar', 6320776),
(196, '2016-09-12 10:51:51', 1, 0.325087, '127.0.0.1', 'GET', 0, 'user-management/role/view', 7366344),
(197, '2016-09-12 10:51:52', 1, 0.172546, '127.0.0.1', 'GET', 1, 'debug/default/toolbar', 6351880),
(198, '2016-09-12 10:51:55', 1, 0.24895, '127.0.0.1', 'POST', 0, 'user-management/role/set-child-roles', 6658472),
(199, '2016-09-12 10:51:55', 1, 0.545933, '127.0.0.1', 'GET', 0, 'user-management/role/view', 7366992),
(200, '2016-09-12 10:51:56', 1, 0.243103, '127.0.0.1', 'GET', 1, 'debug/default/toolbar', 6354688),
(201, '2016-09-12 10:52:07', 1, 0.331156, '127.0.0.1', 'GET', 0, 'user-management/role/view', 7365136),
(202, '2016-09-12 10:52:07', 1, 0.199357, '127.0.0.1', 'GET', 1, 'debug/default/toolbar', 6355288),
(203, '2016-09-12 10:52:16', 1, 0.265689, '127.0.0.1', 'POST', 0, 'user-management/role/set-child-roles', 6313464),
(204, '2016-09-12 10:52:16', 1, 0.241091, '127.0.0.1', 'GET', 0, 'user-management/role/view', 7365680),
(205, '2016-09-12 10:52:17', 1, 0.190031, '127.0.0.1', 'GET', 1, 'debug/default/toolbar', 6358056),
(206, '2016-09-12 10:52:24', 1, 0.323916, '127.0.0.1', 'GET', 0, 'user-management/role/index', 8102672),
(207, '2016-09-12 10:52:24', 1, 0.214868, '127.0.0.1', 'GET', 1, 'debug/default/toolbar', 6328808),
(208, '2016-09-12 10:52:41', 1, 0.597937, '127.0.0.1', 'POST', 1, 'user-management/role/delete', 6015408),
(209, '2016-09-12 10:52:42', 1, 0.607724, '127.0.0.1', 'GET', 0, 'user-management/role/index', 8097568),
(210, '2016-09-12 10:52:43', 1, 0.197055, '127.0.0.1', 'GET', 1, 'debug/default/toolbar', 6331016),
(211, '2016-09-12 10:52:51', 1, 0.313082, '127.0.0.1', 'GET', 0, 'user-management/user/index', 8257464),
(212, '2016-09-12 10:52:51', 1, 0.1822, '127.0.0.1', 'GET', 1, 'debug/default/toolbar', 6369760),
(213, '2016-09-12 10:53:00', 1, 0.250611, '127.0.0.1', 'GET', 0, 'user-management/user/view', 7406976),
(214, '2016-09-12 10:53:00', 1, 0.148145, '127.0.0.1', 'GET', 1, 'debug/default/toolbar', 6264704),
(215, '2016-09-12 10:53:02', 1, 0.308515, '127.0.0.1', 'GET', 0, 'user-management/user-permission/set', 7293512),
(216, '2016-09-12 10:53:02', 1, 0.25222, '127.0.0.1', 'GET', 1, 'debug/default/toolbar', 6405664),
(217, '2016-09-12 10:53:05', 1, 0.272006, '127.0.0.1', 'POST', 0, 'user-management/user-permission/set-roles', 6243912),
(218, '2016-09-12 10:53:06', 1, 0.243951, '127.0.0.1', 'GET', 0, 'user-management/user-permission/set', 7293776),
(219, '2016-09-12 10:53:06', 1, 0.215368, '127.0.0.1', 'GET', 1, 'debug/default/toolbar', 6408488),
(220, '2016-09-12 10:53:13', 1, 0.153315, '127.0.0.1', 'GET', 0, 'user-management/auth/logout', 5722496),
(221, '2016-09-12 10:53:13', 0, 0.179517, '127.0.0.1', 'GET', 0, 'user-management/auth/login', 6646976),
(222, '2016-09-12 10:53:24', 0, 1.30367, '127.0.0.1', 'POST', 0, 'user-management/auth/login', 6959216),
(223, '2016-09-12 10:53:26', 2, 0.219739, '127.0.0.1', 'GET', 0, 'site/index', 6740136),
(224, '2016-09-12 10:53:26', 2, 1.19423, '127.0.0.1', 'GET', 1, 'debug/default/toolbar', 6258048),
(225, '2016-09-12 10:53:36', 2, 0.198179, '127.0.0.1', 'GET', 0, 'user-management/auth/logout', 5724344),
(226, '2016-09-12 10:53:36', 0, 0.152197, '127.0.0.1', 'GET', 0, 'user-management/auth/login', 6646904),
(227, '2016-09-12 10:53:53', 0, 1.31713, '127.0.0.1', 'POST', 0, 'user-management/auth/login', 6898016),
(228, '2016-09-12 10:53:55', 1, 0.193273, '127.0.0.1', 'GET', 0, 'site/index', 6423528),
(229, '2016-09-12 10:53:55', 1, 1.18763, '127.0.0.1', 'GET', 1, 'debug/default/toolbar', 6243944),
(230, '2016-09-12 10:53:59', 1, 0.271205, '127.0.0.1', 'GET', 0, 'user-management/permission/index', 8229448),
(231, '2016-09-12 10:54:00', 1, 0.258128, '127.0.0.1', 'GET', 1, 'debug/default/toolbar', 6376544),
(232, '2016-09-12 10:54:01', 1, 0.24082, '127.0.0.1', 'GET', 0, 'user-management/permission/view', 7710648),
(233, '2016-09-12 10:54:02', 1, 0.190693, '127.0.0.1', 'GET', 1, 'debug/default/toolbar', 6353352),
(234, '2016-09-12 10:54:10', 1, 0.255441, '127.0.0.1', 'GET', 0, 'user-management/role/index', 8097648),
(235, '2016-09-12 10:54:10', 1, 0.159473, '127.0.0.1', 'GET', 1, 'debug/default/toolbar', 6328832),
(236, '2016-09-12 10:54:12', 1, 0.246588, '127.0.0.1', 'GET', 0, 'user-management/role/view', 7362976),
(237, '2016-09-12 10:54:12', 1, 0.249312, '127.0.0.1', 'GET', 1, 'debug/default/toolbar', 6358784),
(238, '2016-09-12 10:54:21', 1, 0.305896, '127.0.0.1', 'GET', 0, 'user-management/user/index', 8257448),
(239, '2016-09-12 10:54:21', 1, 0.16586, '127.0.0.1', 'GET', 1, 'debug/default/toolbar', 6368520),
(240, '2016-09-12 10:54:27', 1, 0.263997, '127.0.0.1', 'GET', 0, 'user-management/user-permission/set', 7293584),
(241, '2016-09-12 10:54:27', 1, 0.164439, '127.0.0.1', 'GET', 1, 'debug/default/toolbar', 6415776),
(242, '2016-09-12 10:54:30', 1, 0.266387, '127.0.0.1', 'GET', 0, 'user-management/permission/view', 7710656),
(243, '2016-09-12 10:54:31', 1, 0.351413, '127.0.0.1', 'GET', 1, 'debug/default/toolbar', 6346752),
(244, '2016-09-12 10:54:38', 1, 0.329614, '127.0.0.1', 'POST', 0, 'user-management/permission/set-child-routes', 6330464),
(245, '2016-09-12 10:54:39', 1, 0.253832, '127.0.0.1', 'GET', 0, 'user-management/permission/view', 7712160),
(246, '2016-09-12 10:54:40', 1, 0.30667, '127.0.0.1', 'GET', 1, 'debug/default/toolbar', 6349584),
(247, '2016-09-12 10:54:42', 1, 0.172967, '127.0.0.1', 'GET', 0, 'user-management/auth/logout', 5722496),
(248, '2016-09-12 10:54:43', 0, 0.141376, '127.0.0.1', 'GET', 0, 'user-management/auth/login', 6646976),
(249, '2016-09-12 10:54:45', 0, 1.25587, '127.0.0.1', 'POST', 0, 'user-management/auth/login', 6959920),
(250, '2016-09-12 10:54:47', 2, 0.216118, '127.0.0.1', 'GET', 0, 'site/index', 6740896),
(251, '2016-09-12 10:54:47', 2, 1.18675, '127.0.0.1', 'GET', 1, 'debug/default/toolbar', 6258192),
(252, '2016-09-12 10:55:02', 2, 0.212606, '127.0.0.1', 'GET', 0, 'user-management/auth/logout', 5724848),
(253, '2016-09-12 10:55:02', 0, 0.144264, '127.0.0.1', 'GET', 0, 'user-management/auth/login', 6646904),
(254, '2016-09-12 10:55:12', 0, 1.10864, '127.0.0.1', 'POST', 0, 'user-management/auth/login', 6955712),
(255, '2016-09-12 10:55:14', 3, 0.204772, '127.0.0.1', 'GET', 0, 'site/index', 6737336),
(256, '2016-09-12 10:55:14', 3, 1.20564, '127.0.0.1', 'GET', 1, 'debug/default/toolbar', 6247128),
(257, '2016-09-12 10:55:19', 3, 0.210771, '127.0.0.1', 'GET', 0, 'user-management/auth/logout', 5723176),
(258, '2016-09-12 10:55:19', 0, 0.169846, '127.0.0.1', 'GET', 0, 'user-management/auth/login', 6646904),
(259, '2016-09-12 10:55:37', 0, 1.1427, '127.0.0.1', 'POST', 0, 'user-management/auth/login', 6898088),
(260, '2016-09-12 10:55:39', 1, 0.214688, '127.0.0.1', 'GET', 0, 'site/index', 6423528),
(261, '2016-09-12 10:55:39', 1, 1.27399, '127.0.0.1', 'GET', 1, 'debug/default/toolbar', 6249832),
(262, '2016-09-12 10:55:44', 1, 0.437462, '127.0.0.1', 'GET', 0, 'user-management/role/index', 8097536),
(263, '2016-09-12 10:55:45', 1, 0.179376, '127.0.0.1', 'GET', 1, 'debug/default/toolbar', 6331768),
(264, '2016-09-12 10:55:47', 1, 0.28293, '127.0.0.1', 'GET', 0, 'user-management/role/view', 7354904),
(265, '2016-09-12 10:55:48', 1, 0.223495, '127.0.0.1', 'GET', 1, 'debug/default/toolbar', 6346384),
(266, '2016-09-12 10:55:54', 1, 0.431759, '127.0.0.1', 'POST', 0, 'user-management/role/set-child-permissions', 6353152),
(267, '2016-09-12 10:55:55', 1, 0.629273, '127.0.0.1', 'GET', 0, 'user-management/role/view', 7355400),
(268, '2016-09-12 10:55:56', 1, 0.18792, '127.0.0.1', 'GET', 1, 'debug/default/toolbar', 6349488),
(269, '2016-09-12 10:56:00', 1, 0.2029, '127.0.0.1', 'GET', 0, 'user-management/role/index', 8097616),
(270, '2016-09-12 10:56:00', 1, 0.170705, '127.0.0.1', 'GET', 1, 'debug/default/toolbar', 6323848),
(271, '2016-09-12 10:56:03', 1, 0.23242, '127.0.0.1', 'GET', 0, 'user-management/user/index', 8257448),
(272, '2016-09-12 10:56:03', 1, 0.163359, '127.0.0.1', 'GET', 1, 'debug/default/toolbar', 6362528),
(273, '2016-09-12 10:56:08', 1, 0.249529, '127.0.0.1', 'GET', 0, 'user-management/user/view', 7406944),
(274, '2016-09-12 10:56:08', 1, 0.246031, '127.0.0.1', 'GET', 1, 'debug/default/toolbar', 6270048),
(275, '2016-09-12 10:56:10', 1, 0.239555, '127.0.0.1', 'GET', 0, 'user-management/user-permission/set', 7293504),
(276, '2016-09-12 10:56:10', 1, 0.169489, '127.0.0.1', 'GET', 1, 'debug/default/toolbar', 6411120),
(277, '2016-09-12 10:56:41', 1, 0.405571, '127.0.0.1', 'GET', 0, 'user-management/permission/view', 7716920),
(278, '2016-09-12 10:56:41', 1, 0.190491, '127.0.0.1', 'GET', 1, 'debug/default/toolbar', 6354568),
(279, '2016-09-12 10:57:27', 1, 0.302482, '127.0.0.1', 'GET', 0, 'user-management/user/index', 8257536),
(280, '2016-09-12 10:57:28', 1, 0.20375, '127.0.0.1', 'GET', 1, 'debug/default/toolbar', 6367200),
(281, '2016-09-12 10:57:32', 1, 0.231192, '127.0.0.1', 'GET', 0, 'user-management/user/view', 7406944),
(282, '2016-09-12 10:57:33', 1, 0.159044, '127.0.0.1', 'GET', 1, 'debug/default/toolbar', 6274592),
(283, '2016-09-12 10:57:38', 1, 0.349973, '127.0.0.1', 'GET', 0, 'user-management/user-permission/set', 7293504),
(284, '2016-09-12 10:57:38', 1, 0.205996, '127.0.0.1', 'GET', 1, 'debug/default/toolbar', 6415808),
(285, '2016-09-12 10:57:56', 1, 0.248342, '127.0.0.1', 'GET', 0, 'user-management/role/view', 7362976),
(286, '2016-09-12 10:57:57', 1, 0.228057, '127.0.0.1', 'GET', 1, 'debug/default/toolbar', 6349584),
(287, '2016-09-12 10:58:05', 1, 0.304883, '127.0.0.1', 'POST', 0, 'user-management/role/set-child-permissions', 6371080),
(288, '2016-09-12 10:58:06', 1, 0.21622, '127.0.0.1', 'GET', 0, 'user-management/role/view', 7364216),
(289, '2016-09-12 10:58:06', 1, 0.183983, '127.0.0.1', 'GET', 1, 'debug/default/toolbar', 6353056),
(290, '2016-09-12 10:58:10', 1, 0.260148, '127.0.0.1', 'GET', 0, 'user-management/role/index', 8097616),
(291, '2016-09-12 10:58:10', 1, 0.173688, '127.0.0.1', 'GET', 1, 'debug/default/toolbar', 6323896),
(292, '2016-09-12 10:58:12', 1, 0.384887, '127.0.0.1', 'GET', 0, 'user-management/role/view', 7354760),
(293, '2016-09-12 10:58:13', 1, 0.228634, '127.0.0.1', 'GET', 1, 'debug/default/toolbar', 6351416),
(294, '2016-09-12 10:58:20', 1, 0.280837, '127.0.0.1', 'POST', 0, 'user-management/role/set-child-permissions', 6301896),
(295, '2016-09-12 10:58:20', 1, 0.37591, '127.0.0.1', 'GET', 0, 'user-management/role/view', 7355376),
(296, '2016-09-12 10:58:21', 1, 0.17713, '127.0.0.1', 'GET', 1, 'debug/default/toolbar', 6354192),
(297, '2016-09-12 10:58:23', 1, 0.35774, '127.0.0.1', 'GET', 0, 'user-management/auth/logout', 5722472),
(298, '2016-09-12 10:58:23', 0, 0.167888, '127.0.0.1', 'GET', 0, 'user-management/auth/login', 6646976),
(299, '2016-09-12 10:58:26', 0, 1.15747, '127.0.0.1', 'POST', 0, 'user-management/auth/login', 6961432),
(300, '2016-09-12 10:58:28', 2, 0.224025, '127.0.0.1', 'GET', 0, 'site/index', 6741704),
(301, '2016-09-12 10:58:28', 2, 1.18966, '127.0.0.1', 'GET', 1, 'debug/default/toolbar', 6251096),
(302, '2016-09-12 10:58:31', 2, 0.152389, '127.0.0.1', 'GET', 0, 'user-management/auth/logout', 5725008),
(303, '2016-09-12 10:58:32', 0, 0.156236, '127.0.0.1', 'GET', 0, 'user-management/auth/login', 6646904),
(304, '2016-09-12 10:58:42', 0, 1.11359, '127.0.0.1', 'POST', 0, 'user-management/auth/login', 6956096),
(305, '2016-09-12 10:58:43', 3, 0.214741, '127.0.0.1', 'GET', 0, 'site/index', 6737744),
(306, '2016-09-12 10:58:44', 3, 1.20093, '127.0.0.1', 'GET', 1, 'debug/default/toolbar', 6252128),
(307, '2016-09-12 10:58:47', 3, 0.216838, '127.0.0.1', 'GET', 0, 'student-search/index', 7642088),
(308, '2016-09-12 10:58:47', 3, 0.158395, '127.0.0.1', 'GET', 1, 'debug/default/toolbar', 6301952),
(309, '2016-09-12 10:58:48', 3, 0.355628, '127.0.0.1', 'GET', 0, 'student-search/create', 7217000),
(310, '2016-09-12 10:58:49', 3, 0.253443, '127.0.0.1', 'GET', 1, 'debug/default/toolbar', 6289632),
(311, '2016-09-12 10:58:55', 3, 0.222962, '127.0.0.1', 'GET', 0, 'user-management/auth/logout', 5723352),
(312, '2016-09-12 10:58:55', 0, 0.182951, '127.0.0.1', 'GET', 0, 'user-management/auth/login', 6646976),
(313, '2016-09-12 11:01:38', 0, 1.26555, '127.0.0.1', 'POST', 0, 'user-management/auth/login', 6956096),
(314, '2016-09-12 11:01:40', 3, 0.189957, '127.0.0.1', 'GET', 0, 'site/index', 6737744),
(315, '2016-09-12 11:01:40', 3, 1.20579, '127.0.0.1', 'GET', 1, 'debug/default/toolbar', 6248536),
(316, '2016-09-12 11:01:43', 3, 0.317108, '127.0.0.1', 'GET', 0, 'student-search/index', 7642088),
(317, '2016-09-12 11:01:44', 3, 0.246718, '127.0.0.1', 'GET', 1, 'debug/default/toolbar', 6298408),
(318, '2016-09-12 11:01:45', 3, 0.310656, '127.0.0.1', 'GET', 0, 'student-search/create', 7217000),
(319, '2016-09-12 11:01:45', 3, 0.208303, '127.0.0.1', 'GET', 1, 'debug/default/toolbar', 6286120),
(320, '2016-09-12 11:02:29', 3, 0.241376, '127.0.0.1', 'POST', 0, 'student-search/create', 5787632),
(321, '2016-09-12 11:02:29', 3, 0.292968, '127.0.0.1', 'GET', 0, 'student-search/view', 7000872),
(322, '2016-09-12 11:02:30', 3, 0.189316, '127.0.0.1', 'GET', 1, 'debug/default/toolbar', 6287928),
(323, '2016-09-12 11:02:36', 3, 0.372542, '127.0.0.1', 'GET', 0, 'student-search/index', 7761568),
(324, '2016-09-12 11:02:36', 3, 0.168175, '127.0.0.1', 'GET', 1, 'debug/default/toolbar', 6302944),
(325, '2016-09-12 11:02:48', 3, 0.228106, '127.0.0.1', 'GET', 1, 'student-search/index', 7210112),
(326, '2016-09-12 11:02:54', 3, 0.296446, '127.0.0.1', 'GET', 1, 'student-search/index', 7094416),
(327, '2016-09-12 11:03:16', 3, 0.221803, '127.0.0.1', 'GET', 0, 'user-management/auth/logout', 5723800),
(328, '2016-09-12 11:03:16', 3, 0.428171, '127.0.0.1', 'GET', 1, 'student-search/index', 7210128),
(329, '2016-09-12 11:03:17', 3, 0.258348, '127.0.0.1', 'GET', 0, 'site/index', 6737680),
(330, '2016-09-12 11:03:17', 3, 1.18823, '127.0.0.1', 'GET', 1, 'debug/default/toolbar', 6247896),
(331, '2016-09-12 11:03:20', 3, 0.316146, '127.0.0.1', 'GET', 0, 'user-management/auth/logout', 5723320),
(332, '2016-09-12 11:03:21', 0, 0.175243, '127.0.0.1', 'GET', 0, 'user-management/auth/login', 6646904),
(333, '2016-09-12 11:03:35', 0, 1.80522, '127.0.0.1', 'POST', 0, 'user-management/auth/login', 6961432),
(334, '2016-09-12 11:03:37', 2, 0.231878, '127.0.0.1', 'GET', 0, 'site/index', 6741704),
(335, '2016-09-12 11:03:37', 2, 1.18745, '127.0.0.1', 'GET', 1, 'debug/default/toolbar', 6260552),
(336, '2016-09-12 11:03:41', 2, 0.281604, '127.0.0.1', 'GET', 0, 'student-search/index', 7765336),
(337, '2016-09-12 11:03:41', 2, 0.235399, '127.0.0.1', 'GET', 1, 'debug/default/toolbar', 6310280),
(338, '2016-09-12 11:03:49', 2, 0.342466, '127.0.0.1', 'GET', 0, 'user-management/user/index', 8236848),
(339, '2016-09-12 11:03:49', 2, 0.195522, '127.0.0.1', 'GET', 1, 'debug/default/toolbar', 6369424),
(340, '2016-09-12 11:04:30', 2, 0.177287, '127.0.0.1', 'GET', 0, 'user-management/auth/logout', 5725056),
(341, '2016-09-12 11:04:30', 0, 0.161529, '127.0.0.1', 'GET', 0, 'user-management/auth/login', 6646976),
(342, '2016-09-12 11:10:22', 0, 2.08576, '127.0.0.1', 'GET', 0, 'user-management/auth/login', 7146424),
(343, '2016-09-12 11:10:26', 0, 1.45091, '127.0.0.1', 'POST', 0, 'user-management/auth/login', 6963312),
(344, '2016-09-12 11:10:28', 2, 0.412754, '127.0.0.1', 'GET', 0, 'site/index', 6742376),
(345, '2016-09-12 11:10:29', 2, 0.396967, '127.0.0.1', 'GET', 1, 'debug/default/toolbar', 6199856),
(346, '2016-09-12 11:10:33', 2, 1.12122, '127.0.0.1', 'GET', 0, 'user-management/user-visit-log/index', 8245488),
(347, '2016-09-12 11:10:34', 2, 0.19277, '127.0.0.1', 'GET', 1, 'debug/default/toolbar', 6288936),
(348, '2016-09-12 11:10:42', 2, 0.29249, '127.0.0.1', 'GET', 0, 'user-management/auth/logout', 5726312),
(349, '2016-09-12 11:10:42', 0, 0.155993, '127.0.0.1', 'GET', 0, 'user-management/auth/login', 6648368),
(350, '2016-09-12 11:26:22', 0, 1.11143, '127.0.0.1', 'POST', 0, 'user-management/auth/login', 7228792),
(351, '2016-09-12 12:34:47', 0, 0.248015, '127.0.0.1', 'GET', 0, 'user-management/auth/login', 7144848),
(352, '2016-09-12 12:34:49', 0, 1.23177, '127.0.0.1', 'POST', 0, 'user-management/auth/login', 6961432),
(353, '2016-09-12 12:34:50', 2, 0.24667, '127.0.0.1', 'GET', 0, 'site/index', 6741704),
(354, '2016-09-12 12:34:51', 2, 1.25495, '127.0.0.1', 'GET', 1, 'debug/default/toolbar', 6260368),
(355, '2016-09-12 12:34:53', 2, 0.269539, '127.0.0.1', 'GET', 0, 'student-search/index', 7765336),
(356, '2016-09-12 12:34:53', 2, 0.195201, '127.0.0.1', 'GET', 1, 'debug/default/toolbar', 6310160),
(357, '2016-09-12 12:35:31', 2, 0.271832, '127.0.0.1', 'GET', 0, 'student-search/create', 7221128),
(358, '2016-09-12 12:35:32', 2, 0.203893, '127.0.0.1', 'GET', 1, 'debug/default/toolbar', 6285464),
(359, '2016-09-12 12:36:21', 2, 0.243976, '127.0.0.1', 'GET', 0, 'site/index', 6741424),
(360, '2016-09-12 12:36:22', 2, 1.23721, '127.0.0.1', 'GET', 1, 'debug/default/toolbar', 6250880),
(361, '2016-09-12 12:36:55', 2, 3.63264, '127.0.0.1', 'GET', 0, 'debug/default/index', 9767088),
(362, '2016-09-12 12:37:16', 2, 0.232755, '127.0.0.1', 'GET', 0, 'site/index', 6741424),
(363, '2016-09-12 12:37:16', 2, 1.25425, '127.0.0.1', 'GET', 1, 'debug/default/toolbar', 6252032),
(364, '2016-09-12 12:38:57', 2, 0.232362, '127.0.0.1', 'GET', 0, 'site/index', 6741648),
(365, '2016-09-12 12:38:57', 2, 1.2437, '127.0.0.1', 'GET', 1, 'debug/default/toolbar', 6253584),
(366, '2016-09-12 12:39:02', 2, 0.200369, '127.0.0.1', 'GET', 0, 'user-management/auth/logout', 5725008),
(367, '2016-09-12 12:39:03', 0, 0.167365, '127.0.0.1', 'GET', 0, 'user-management/auth/login', 6646904),
(368, '2016-09-12 13:36:55', 0, 1.51937, '127.0.0.1', 'POST', 0, 'user-management/auth/login', 6961432),
(369, '2016-09-12 13:36:57', 2, 0.239626, '127.0.0.1', 'GET', 0, 'site/index', 6905192),
(370, '2016-09-12 13:36:57', 2, 1.41253, '127.0.0.1', 'GET', 1, 'debug/default/toolbar', 6291832),
(371, '2016-09-12 13:37:18', 2, 0.264371, '127.0.0.1', 'GET', 0, 'site/index', 6742040),
(372, '2016-09-12 13:37:18', 2, 1.21129, '127.0.0.1', 'GET', 1, 'debug/default/toolbar', 6261600),
(373, '2016-09-12 13:40:22', 2, 0.296066, '127.0.0.1', 'GET', 0, 'site/index', 6741832),
(374, '2016-09-12 13:40:22', 2, 1.24646, '127.0.0.1', 'GET', 1, 'debug/default/toolbar', 6250240),
(375, '2016-09-12 13:40:47', 2, 0.277103, '127.0.0.1', 'GET', 0, 'site/index', 6741832),
(376, '2016-09-12 13:40:47', 2, 1.23548, '127.0.0.1', 'GET', 1, 'debug/default/toolbar', 6250880),
(377, '2016-09-12 13:41:58', 2, 0.248026, '127.0.0.1', 'GET', 0, 'site/index', 6741432),
(378, '2016-09-12 13:41:58', 2, 1.19875, '127.0.0.1', 'GET', 1, 'debug/default/toolbar', 6251384),
(379, '2016-09-12 13:44:31', 2, 0.239626, '127.0.0.1', 'GET', 0, 'site/index', 6741520),
(380, '2016-09-12 13:44:31', 2, 1.32112, '127.0.0.1', 'GET', 1, 'debug/default/toolbar', 6253000),
(381, '2016-09-12 13:45:10', 2, 0.219159, '127.0.0.1', 'GET', 0, 'site/index', 6741704),
(382, '2016-09-12 13:45:10', 2, 1.27926, '127.0.0.1', 'GET', 1, 'debug/default/toolbar', 6254080),
(383, '2016-09-12 13:45:27', 2, 0.256672, '127.0.0.1', 'GET', 0, 'site/index', 6741704),
(384, '2016-09-12 13:45:28', 2, 1.39349, '127.0.0.1', 'GET', 1, 'debug/default/toolbar', 6255152),
(385, '2016-09-12 13:52:14', 2, 0.282413, '127.0.0.1', 'GET', 0, 'site/index', 6741704),
(386, '2016-09-12 13:52:14', 2, 1.37769, '127.0.0.1', 'GET', 1, 'debug/default/toolbar', 6256224),
(387, '2016-09-12 13:52:40', 2, 0.290474, '127.0.0.1', 'GET', 0, 'site/index', 6741704),
(388, '2016-09-12 13:52:41', 2, 1.27912, '127.0.0.1', 'GET', 1, 'debug/default/toolbar', 6257344),
(389, '2016-09-12 13:52:45', 2, 0.237149, '127.0.0.1', 'GET', 0, 'site/index', 6741704),
(390, '2016-09-12 13:52:45', 2, 1.26161, '127.0.0.1', 'GET', 1, 'debug/default/toolbar', 6258440),
(391, '2016-09-12 13:53:20', 2, 0.358644, '127.0.0.1', 'GET', 0, 'site/index', 6741456),
(392, '2016-09-12 13:53:21', 2, 1.45374, '127.0.0.1', 'GET', 1, 'debug/default/toolbar', 6259560),
(393, '2016-09-12 13:53:24', 2, 0.24376, '127.0.0.1', 'GET', 0, 'site/index', 6741456),
(394, '2016-09-12 13:53:25', 2, 1.25893, '127.0.0.1', 'GET', 1, 'debug/default/toolbar', 6260696),
(395, '2016-09-12 13:54:07', 2, 0.260922, '127.0.0.1', 'GET', 0, 'site/index', 6741456),
(396, '2016-09-12 13:54:07', 2, 1.22007, '127.0.0.1', 'GET', 1, 'debug/default/toolbar', 6249456),
(397, '2016-09-12 13:54:33', 2, 0.25244, '127.0.0.1', 'GET', 0, 'site/index', 6741456),
(398, '2016-09-12 13:54:33', 2, 1.19796, '127.0.0.1', 'GET', 1, 'debug/default/toolbar', 6250240),
(399, '2016-09-12 13:54:47', 2, 0.260184, '127.0.0.1', 'GET', 0, 'site/index', 6741456),
(400, '2016-09-12 13:54:47', 2, 1.20507, '127.0.0.1', 'GET', 1, 'debug/default/toolbar', 6251336),
(401, '2016-09-12 13:55:10', 2, 0.287006, '127.0.0.1', 'GET', 0, 'site/index', 6741408),
(402, '2016-09-12 13:55:10', 2, 1.22958, '127.0.0.1', 'GET', 1, 'debug/default/toolbar', 6252416),
(403, '2016-09-12 13:55:21', 2, 0.272276, '127.0.0.1', 'GET', 0, 'site/index', 6741408),
(404, '2016-09-12 13:55:21', 2, 1.27131, '127.0.0.1', 'GET', 1, 'debug/default/toolbar', 6253520),
(405, '2016-09-12 13:58:21', 2, 0.327874, '127.0.0.1', 'GET', 0, 'site/index', 6741408),
(406, '2016-09-12 13:58:21', 2, 1.32895, '127.0.0.1', 'GET', 1, 'debug/default/toolbar', 6254648),
(407, '2016-09-12 14:01:04', 2, 0.244232, '127.0.0.1', 'GET', 0, 'site/index', 6741208),
(408, '2016-09-12 14:01:05', 2, 1.30275, '127.0.0.1', 'GET', 1, 'debug/default/toolbar', 6255256),
(409, '2016-09-12 14:03:24', 2, 0.329255, '127.0.0.1', 'GET', 0, 'site/index', 6741616),
(410, '2016-09-12 14:03:24', 2, 1.22953, '127.0.0.1', 'GET', 1, 'debug/default/toolbar', 6256808),
(411, '2016-09-12 14:04:37', 2, 0.263877, '127.0.0.1', 'GET', 0, 'site/index', 6715104),
(412, '2016-09-12 14:04:37', 2, 1.2574, '127.0.0.1', 'GET', 1, 'debug/default/toolbar', 6257856),
(413, '2016-09-12 14:07:25', 2, 0.332695, '127.0.0.1', 'GET', 0, 'site/index', 6478672),
(414, '2016-09-12 14:07:58', 2, 0.328932, '127.0.0.1', 'GET', 0, 'site/index', 6478680),
(415, '2016-09-12 14:08:15', 2, 0.344098, '127.0.0.1', 'GET', 0, 'site/index', 6478680),
(416, '2016-09-12 14:11:55', 2, 0.217674, '127.0.0.1', 'GET', 0, 'site/index', 6478568),
(417, '2016-09-12 14:12:29', 2, 0.311962, '127.0.0.1', 'GET', 0, 'site/index', 6478536),
(418, '2016-09-12 14:13:23', 2, 0.274461, '127.0.0.1', 'GET', 0, 'site/index', 6478536),
(419, '2016-09-12 14:13:53', 2, 0.306788, '127.0.0.1', 'GET', 0, 'site/index', 6478536),
(420, '2016-09-12 14:14:15', 2, 0.294232, '127.0.0.1', 'GET', 0, 'site/index', 6478536),
(421, '2016-09-12 14:14:30', 2, 0.29832, '127.0.0.1', 'GET', 0, 'site/index', 6478536),
(422, '2016-09-12 14:17:52', 2, 0.194379, '127.0.0.1', 'GET', 0, 'site/index', 6478536),
(423, '2016-09-14 06:24:31', 0, 1.94308, '127.0.0.1', 'GET', 0, 'user-management/auth/login', 6973776),
(424, '2016-09-14 06:24:45', 0, 1.70024, '127.0.0.1', 'POST', 0, 'user-management/auth/login', 6593360),
(425, '2016-09-14 06:24:47', 2, 0.5859, '127.0.0.1', 'GET', 0, 'site/index', 6478928),
(426, '2016-09-14 06:26:10', 2, 0.258095, '127.0.0.1', 'GET', 0, 'site/index', 6478896),
(427, '2016-09-14 06:26:39', 2, 0.272803, '127.0.0.1', 'GET', 0, 'site/index', 6478896),
(428, '2016-09-14 06:26:41', 2, 0.265057, '127.0.0.1', 'GET', 0, 'site/index', 6478896),
(429, '2016-09-14 06:27:12', 2, 0.256896, '127.0.0.1', 'GET', 0, 'site/index', 6478896),
(430, '2016-09-14 06:29:53', 2, 0.233355, '127.0.0.1', 'GET', 0, 'site/index', 6478896),
(431, '2016-09-14 06:32:01', 2, 0.2566, '127.0.0.1', 'GET', 0, 'site/index', 6478944),
(432, '2016-09-14 06:32:08', 2, 0.262913, '127.0.0.1', 'GET', 0, 'site/index', 6478688),
(433, '2016-09-14 06:32:11', 2, 0.200702, '127.0.0.1', 'GET', 0, 'site/index', 6478944),
(434, '2016-09-14 06:32:40', 2, 0.246438, '127.0.0.1', 'GET', 0, 'site/index', 6478944),
(435, '2016-09-14 06:33:34', 2, 0.269773, '127.0.0.1', 'GET', 0, 'site/index', 6478944),
(436, '2016-09-14 06:33:38', 2, 0.195083, '127.0.0.1', 'GET', 0, 'site/index', 6478944),
(437, '2016-09-14 06:34:22', 2, 0.230312, '127.0.0.1', 'GET', 0, 'site/index', 6478944),
(438, '2016-09-14 06:34:40', 2, 0.23211, '127.0.0.1', 'GET', 0, 'site/index', 6478944),
(439, '2016-09-14 06:39:14', 2, 0.350432, '127.0.0.1', 'GET', 0, 'site/index', 6478944),
(440, '2016-09-14 06:39:46', 2, 0.266298, '127.0.0.1', 'GET', 0, 'site/index', 6478944),
(441, '2016-09-14 06:41:02', 2, 0.21409, '127.0.0.1', 'GET', 0, 'site/index', 6478976),
(442, '2016-09-14 06:41:06', 2, 0.246374, '127.0.0.1', 'GET', 0, 'site/index', 6478976),
(443, '2016-09-14 06:43:55', 2, 0.250973, '127.0.0.1', 'GET', 0, 'site/index', 6478976),
(444, '2016-09-14 06:43:58', 2, 0.226417, '127.0.0.1', 'GET', 0, 'site/index', 6478976),
(445, '2016-09-14 06:45:58', 2, 0.271086, '127.0.0.1', 'GET', 0, 'site/index', 6478944),
(446, '2016-09-14 06:46:56', 2, 0.243868, '127.0.0.1', 'GET', 0, 'site/index', 6478944),
(447, '2016-09-14 06:48:21', 2, 0.30731, '127.0.0.1', 'GET', 0, 'site/index', 6478928),
(448, '2016-09-14 06:48:51', 2, 0.235773, '127.0.0.1', 'GET', 0, 'site/index', 6478896),
(449, '2016-09-14 07:31:02', 2, 0.289894, '127.0.0.1', 'GET', 0, 'user-management/auth/logout', 5356136),
(450, '2016-09-14 07:31:02', 0, 0.186211, '127.0.0.1', 'GET', 0, 'user-management/auth/login', 6922608),
(451, '2016-09-14 07:31:13', 0, 1.28135, '127.0.0.1', 'POST', 0, 'user-management/auth/login', 6529320),
(452, '2016-09-14 07:31:15', 1, 0.213172, '127.0.0.1', 'GET', 0, 'site/index', 6161176),
(453, '2016-09-14 07:34:30', 1, NULL, '127.0.0.1', 'GET', 0, 'site/error', NULL),
(454, '2016-09-14 07:34:33', 1, NULL, '127.0.0.1', 'GET', 0, 'site/error', NULL),
(455, '2016-09-14 07:34:35', 1, NULL, '127.0.0.1', 'GET', 0, 'site/error', NULL),
(456, '2016-09-14 07:34:42', 1, NULL, '127.0.0.1', 'GET', 0, 'site/error', NULL),
(457, '2016-09-14 07:34:42', 1, NULL, '127.0.0.1', 'GET', 0, 'site/error', NULL),
(458, '2016-09-14 07:34:43', 1, NULL, '127.0.0.1', 'GET', 0, 'site/error', NULL),
(459, '2016-09-14 07:34:44', 1, NULL, '127.0.0.1', 'GET', 0, 'site/error', NULL),
(460, '2016-09-14 07:35:28', 1, NULL, '127.0.0.1', 'GET', 0, 'excel-upload/index', NULL),
(461, '2016-09-14 07:37:12', 1, NULL, '127.0.0.1', 'GET', 0, 'excel-upload/index', NULL),
(462, '2016-09-14 07:39:34', 1, NULL, '127.0.0.1', 'GET', 0, 'excel-upload/index', NULL),
(463, '2016-09-14 07:40:56', 1, NULL, '127.0.0.1', 'GET', 0, 'excel-upload/index', NULL),
(464, '2016-09-14 07:40:58', 1, NULL, '127.0.0.1', 'GET', 0, 'excel-upload/index', NULL),
(465, '2016-09-14 07:48:49', 1, 0.28006, '127.0.0.1', 'GET', 0, 'site/index', 6160512),
(466, '2016-09-14 07:48:52', 1, NULL, '127.0.0.1', 'GET', 0, 'site/error', NULL),
(467, '2016-09-14 07:53:04', 1, NULL, '127.0.0.1', 'GET', 0, 'site/error', NULL),
(468, '2016-09-14 07:53:10', 1, NULL, '127.0.0.1', 'GET', 0, 'site/error', NULL),
(469, '2016-09-14 07:54:13', 1, NULL, '127.0.0.1', 'GET', 0, 'site/error', NULL),
(470, '2016-09-14 07:54:14', 1, 0.908432, '127.0.0.1', 'GET', 1, 'debug/default/toolbar', 6349800),
(471, '2016-09-14 07:54:17', 1, NULL, '127.0.0.1', 'GET', 0, 'site/error', NULL),
(472, '2016-09-14 07:54:18', 1, 0.717018, '127.0.0.1', 'GET', 1, 'debug/default/toolbar', 6350360),
(473, '2016-09-14 07:59:26', 1, NULL, '127.0.0.1', 'GET', 0, 'site/error', NULL),
(474, '2016-09-14 07:59:27', 1, 0.886981, '127.0.0.1', 'GET', 1, 'debug/default/toolbar', 6338784),
(475, '2016-09-14 07:59:29', 1, NULL, '127.0.0.1', 'GET', 0, 'site/error', NULL),
(476, '2016-09-14 07:59:30', 1, 0.69352, '127.0.0.1', 'GET', 1, 'debug/default/toolbar', 6339896),
(477, '2016-09-14 07:59:31', 1, NULL, '127.0.0.1', 'GET', 0, 'site/error', NULL),
(478, '2016-09-14 07:59:32', 1, 0.681102, '127.0.0.1', 'GET', 1, 'debug/default/toolbar', 6341648),
(479, '2016-09-14 07:59:34', 1, NULL, '127.0.0.1', 'GET', 0, 'site/error', NULL),
(480, '2016-09-14 07:59:35', 1, 0.760218, '127.0.0.1', 'GET', 1, 'debug/default/toolbar', 6342088),
(481, '2016-09-14 08:00:48', 1, NULL, '127.0.0.1', 'GET', 0, 'site/error', NULL),
(482, '2016-09-14 08:00:49', 1, 0.579298, '127.0.0.1', 'GET', 1, 'debug/default/toolbar', 6343112),
(483, '2016-09-14 08:00:52', 1, NULL, '127.0.0.1', 'GET', 0, 'site/error', NULL),
(484, '2016-09-14 08:00:53', 1, 0.904472, '127.0.0.1', 'GET', 1, 'debug/default/toolbar', 6344368),
(485, '2016-09-14 08:02:50', 1, NULL, '127.0.0.1', 'GET', 0, 'site/error', NULL),
(486, '2016-09-14 08:02:51', 1, 0.791493, '127.0.0.1', 'GET', 1, 'debug/default/toolbar', 6345408),
(487, '2016-09-14 08:02:53', 1, NULL, '127.0.0.1', 'GET', 0, 'site/error', NULL),
(488, '2016-09-14 08:02:54', 1, 0.665484, '127.0.0.1', 'GET', 1, 'debug/default/toolbar', 6346680),
(489, '2016-09-14 08:05:05', 1, NULL, '127.0.0.1', 'GET', 0, 'site/error', NULL),
(490, '2016-09-14 08:05:06', 1, 0.686728, '127.0.0.1', 'GET', 1, 'debug/default/toolbar', 6347712),
(491, '2016-09-14 08:05:19', 1, NULL, '127.0.0.1', 'GET', 0, 'site/error', NULL),
(492, '2016-09-14 08:05:20', 1, 0.740493, '127.0.0.1', 'GET', 1, 'debug/default/toolbar', 6348856),
(493, '2016-09-14 08:06:17', 1, NULL, '127.0.0.1', 'GET', 0, 'site/error', NULL),
(494, '2016-09-14 08:06:18', 1, 1.00743, '127.0.0.1', 'GET', 1, 'debug/default/toolbar', 6349840),
(495, '2016-09-14 08:08:25', 1, 1.06005, '127.0.0.1', 'GET', 0, 'student-search/index', 7419592),
(496, '2016-09-14 08:08:27', 1, 0.20429, '127.0.0.1', 'GET', 1, 'debug/default/toolbar', 6287120),
(497, '2016-09-14 08:08:29', 1, 0.330209, '127.0.0.1', 'GET', 0, 'student-search/index', 7419584),
(498, '2016-09-14 08:08:30', 1, 0.205949, '127.0.0.1', 'GET', 1, 'debug/default/toolbar', 6288184),
(499, '2016-09-14 08:08:32', 1, NULL, '127.0.0.1', 'GET', 0, 'site/error', NULL),
(500, '2016-09-14 08:08:33', 1, 0.611932, '127.0.0.1', 'GET', 1, 'debug/default/toolbar', 6340960),
(501, '2016-09-14 08:08:34', 1, 0.542705, '127.0.0.1', 'GET', 0, 'user-management/user/index', 8223008),
(502, '2016-09-14 08:08:35', 1, 0.205276, '127.0.0.1', 'GET', 1, 'debug/default/toolbar', 6360512),
(503, '2016-09-14 08:08:37', 1, 0.628345, '127.0.0.1', 'GET', 0, 'user-management/permission/index', 8170896),
(504, '2016-09-14 08:08:38', 1, 0.21921, '127.0.0.1', 'GET', 1, 'debug/default/toolbar', 6374120),
(505, '2016-09-14 08:08:44', 1, 0.181294, '127.0.0.1', 'GET', 0, 'user-management/auth/logout', 5722496),
(506, '2016-09-14 08:08:45', 0, 0.202029, '127.0.0.1', 'GET', 0, 'user-management/auth/login', 6646976),
(507, '2016-09-14 08:08:47', 0, 1.1626, '127.0.0.1', 'POST', 0, 'user-management/auth/login', 6961448),
(508, '2016-09-14 08:08:49', 2, 0.223732, '127.0.0.1', 'GET', 0, 'site/index', 6715792);
INSERT INTO `audit_entry` (`id`, `created`, `user_id`, `duration`, `ip`, `request_method`, `ajax`, `route`, `memory_max`) VALUES
(509, '2016-09-14 08:08:49', 2, 1.20569, '127.0.0.1', 'GET', 1, 'debug/default/toolbar', 6260024),
(510, '2016-09-14 08:08:50', 2, 0.226057, '127.0.0.1', 'GET', 0, 'student-search/index', 7737304),
(511, '2016-09-14 08:08:51', 2, 0.223243, '127.0.0.1', 'GET', 1, 'debug/default/toolbar', 6297880),
(512, '2016-09-14 08:08:53', 2, 0.300492, '127.0.0.1', 'GET', 0, 'user-management/auth/change-own-password', 7391664),
(513, '2016-09-14 08:08:53', 2, 0.174317, '127.0.0.1', 'GET', 1, 'debug/default/toolbar', 6262576),
(514, '2016-09-14 08:08:57', 2, 0.182111, '127.0.0.1', 'GET', 0, 'user-management/auth/logout', 5725136),
(515, '2016-09-14 08:08:57', 0, 0.198794, '127.0.0.1', 'GET', 0, 'user-management/auth/login', 6647000),
(516, '2016-09-14 08:08:59', 0, 1.39522, '127.0.0.1', 'POST', 0, 'user-management/auth/login', 6961448),
(517, '2016-09-14 08:09:01', 2, 0.205578, '127.0.0.1', 'GET', 0, 'site/index', 6715792),
(518, '2016-09-14 08:09:01', 2, 1.21021, '127.0.0.1', 'GET', 1, 'debug/default/toolbar', 6256576),
(519, '2016-09-14 08:09:42', 2, 0.27171, '127.0.0.1', 'GET', 0, 'site/index', 6715816),
(520, '2016-09-14 08:09:42', 2, 1.30354, '127.0.0.1', 'GET', 1, 'debug/default/toolbar', 6257872),
(521, '2016-09-14 08:09:44', 2, 0.197453, '127.0.0.1', 'GET', 0, 'student-search/index', 7737328),
(522, '2016-09-14 08:09:44', 2, 0.245963, '127.0.0.1', 'GET', 1, 'debug/default/toolbar', 6307928),
(523, '2016-09-14 08:09:46', 2, 0.25622, '127.0.0.1', 'GET', 0, 'student-search/index', 7737368),
(524, '2016-09-14 08:09:46', 2, 0.198626, '127.0.0.1', 'GET', 1, 'debug/default/toolbar', 6309112),
(525, '2016-09-14 08:09:47', 2, 0.236648, '127.0.0.1', 'GET', 0, 'user-management/auth/change-own-password', 7391664),
(526, '2016-09-14 08:09:48', 2, 0.333471, '127.0.0.1', 'GET', 1, 'debug/default/toolbar', 6261616),
(527, '2016-09-14 08:09:50', 2, 0.386911, '127.0.0.1', 'GET', 0, 'user-management/user/index', 8205544),
(528, '2016-09-14 08:09:51', 2, 0.35234, '127.0.0.1', 'GET', 1, 'debug/default/toolbar', 6369632),
(529, '2016-09-14 08:10:27', 2, 0.386634, '127.0.0.1', 'GET', 0, 'user-management/user/index', 8237560),
(530, '2016-09-14 08:10:27', 2, 0.210749, '127.0.0.1', 'GET', 1, 'debug/default/toolbar', 6371168),
(531, '2016-09-14 08:10:31', 2, 0.161876, '127.0.0.1', 'GET', 0, 'user-management/auth/logout', 5725168),
(532, '2016-09-14 08:10:31', 0, 0.150619, '127.0.0.1', 'GET', 0, 'user-management/auth/login', 6646976),
(533, '2016-09-14 08:10:41', 0, 1.06353, '127.0.0.1', 'POST', 0, 'user-management/auth/login', 7099168),
(534, '2016-09-14 08:10:53', 0, 1.25007, '127.0.0.1', 'POST', 0, 'user-management/auth/login', 6898120),
(535, '2016-09-14 08:10:54', 1, 0.166233, '127.0.0.1', 'GET', 0, 'site/index', 6423600),
(536, '2016-09-14 08:10:55', 1, 1.19958, '127.0.0.1', 'GET', 1, 'debug/default/toolbar', 6249472),
(537, '2016-09-14 08:11:48', 1, 0.241247, '127.0.0.1', 'GET', 0, 'site/index', 6424320),
(538, '2016-09-14 08:11:49', 1, 1.27164, '127.0.0.1', 'GET', 1, 'debug/default/toolbar', 6238640),
(539, '2016-09-14 08:11:50', 1, NULL, '127.0.0.1', 'GET', 0, 'site/error', NULL),
(540, '2016-09-14 08:11:51', 1, 0.73963, '127.0.0.1', 'GET', 1, 'debug/default/toolbar', 6340240),
(541, '2016-09-14 08:12:37', 1, NULL, '127.0.0.1', 'GET', 0, 'site/error', NULL),
(542, '2016-09-14 08:12:38', 1, 0.645215, '127.0.0.1', 'GET', 1, 'debug/default/toolbar', 6342000),
(543, '2016-09-14 08:12:39', 1, NULL, '127.0.0.1', 'GET', 0, 'site/error', NULL),
(544, '2016-09-14 08:12:40', 1, 0.696785, '127.0.0.1', 'GET', 1, 'debug/default/toolbar', 6342384),
(545, '2016-09-14 08:12:42', 1, NULL, '127.0.0.1', 'GET', 0, 'site/error', NULL),
(546, '2016-09-14 08:12:43', 1, 0.592704, '127.0.0.1', 'GET', 1, 'debug/default/toolbar', 6343520),
(547, '2016-09-14 08:13:56', 1, NULL, '127.0.0.1', 'GET', 0, 'excel-upload/index', NULL),
(548, '2016-09-14 08:15:04', 1, NULL, '127.0.0.1', 'GET', 0, 'excel-upload/index', NULL),
(549, '2016-09-14 08:25:53', 1, 0.304976, '127.0.0.1', 'GET', 0, 'site/index', 6423568),
(550, '2016-09-14 08:25:53', 1, 0.438008, '127.0.0.1', 'GET', 0, 'site/index', 6423568),
(551, '2016-09-14 08:25:53', 1, 1.18831, '127.0.0.1', 'GET', 1, 'debug/default/toolbar', 6246720),
(552, '2016-09-14 08:25:56', 1, NULL, '127.0.0.1', 'GET', 0, 'excel-upload/index', NULL),
(553, '2016-09-14 08:28:21', 1, NULL, '127.0.0.1', 'GET', 0, 'excel-upload/index', NULL),
(554, '2016-09-14 08:28:23', 1, NULL, '127.0.0.1', 'GET', 0, 'excel-upload/index', NULL),
(555, '2016-09-14 08:29:11', 1, NULL, '127.0.0.1', 'GET', 0, 'excel-upload/index', NULL),
(556, '2016-09-14 08:29:41', 1, NULL, '127.0.0.1', 'GET', 0, 'excel-upload/index', NULL),
(557, '2016-09-14 08:30:04', 1, NULL, '127.0.0.1', 'GET', 0, 'excel-upload/index', NULL),
(558, '2016-09-14 08:30:06', 1, NULL, '127.0.0.1', 'GET', 0, 'excel-upload/index', NULL),
(559, '2016-09-14 08:43:21', 1, NULL, '127.0.0.1', 'GET', 0, 'excel-upload/index', NULL),
(560, '2016-09-14 08:59:54', 1, NULL, '127.0.0.1', 'GET', 0, 'excel-upload/index', NULL),
(561, '2016-09-14 09:01:52', 1, NULL, '127.0.0.1', 'GET', 0, 'excel-upload/index', NULL),
(562, '2016-09-14 09:02:21', 1, NULL, '127.0.0.1', 'GET', 0, 'excel-upload/index', NULL),
(563, '2016-09-14 09:03:24', 1, NULL, '127.0.0.1', 'GET', 0, 'excel-upload/index', NULL),
(564, '2016-09-14 09:03:26', 1, 0.79809, '127.0.0.1', 'GET', 1, 'debug/default/toolbar', 6362224),
(565, '2016-09-14 09:05:48', 1, NULL, '127.0.0.1', 'GET', 0, 'excel-upload/index', NULL),
(566, '2016-09-14 09:05:48', 1, 0.711677, '127.0.0.1', 'GET', 1, 'debug/default/toolbar', 6363392),
(567, '2016-09-14 09:06:29', 1, NULL, '127.0.0.1', 'GET', 0, 'excel-upload/index', NULL),
(568, '2016-09-14 09:06:30', 1, 0.767229, '127.0.0.1', 'GET', 1, 'debug/default/toolbar', 6351840),
(569, '2016-09-14 09:07:30', 1, NULL, '127.0.0.1', 'GET', 0, 'excel-upload/index', NULL),
(570, '2016-09-14 09:08:13', 1, NULL, '127.0.0.1', 'GET', 0, 'excel-upload/index', NULL),
(571, '2016-09-14 09:08:15', 1, NULL, '127.0.0.1', 'GET', 0, 'excel-upload/index', NULL),
(572, '2016-09-14 09:13:08', 1, 0.242511, '127.0.0.1', 'GET', 0, 'excel-upload/index', 5449888),
(573, '2016-09-14 09:13:43', 1, 0.197198, '127.0.0.1', 'GET', 0, 'excel-upload/index', 5449888),
(574, '2016-09-14 09:13:45', 1, NULL, '127.0.0.1', 'GET', 0, 'site/index', NULL),
(575, '2016-09-14 09:13:46', 1, 0.798561, '127.0.0.1', 'GET', 1, 'debug/default/toolbar', 6360504),
(576, '2016-09-14 09:13:49', 1, NULL, '127.0.0.1', 'GET', 0, 'site/index', NULL),
(577, '2016-09-14 09:13:50', 1, 0.356774, '127.0.0.1', 'GET', 1, 'debug/default/toolbar', 6362168),
(578, '2016-09-14 09:14:00', 1, NULL, '127.0.0.1', 'GET', 0, 'site/index', NULL),
(579, '2016-09-14 09:14:01', 1, 0.6575, '127.0.0.1', 'GET', 1, 'debug/default/toolbar', 6362568),
(580, '2016-09-14 09:14:07', 1, NULL, '127.0.0.1', 'GET', 0, 'site/index', NULL),
(581, '2016-09-14 09:14:08', 1, 0.692075, '127.0.0.1', 'GET', 1, 'debug/default/toolbar', 6363936),
(582, '2016-09-14 09:14:44', 1, 0.539976, '127.0.0.1', 'GET', 0, 'site/index', 6449200),
(583, '2016-09-14 09:14:45', 1, 1.21968, '127.0.0.1', 'GET', 1, 'debug/default/toolbar', 6275272),
(584, '2016-09-14 09:14:48', 1, 0.245194, '127.0.0.1', 'GET', 0, 'excel-upload/index', 5449744),
(585, '2016-09-14 09:15:55', 1, NULL, '127.0.0.1', 'GET', 0, 'excel-upload/index', NULL),
(586, '2016-09-14 09:15:57', 1, 1.49515, '127.0.0.1', 'GET', 1, 'debug/default/toolbar', 6347560),
(587, '2016-09-14 09:16:29', 1, NULL, '127.0.0.1', 'GET', 0, 'excel-upload/index', NULL),
(588, '2016-09-14 09:16:30', 1, 0.741738, '127.0.0.1', 'GET', 1, 'debug/default/toolbar', 6348688),
(589, '2016-09-14 09:17:20', 1, NULL, '127.0.0.1', 'GET', 0, 'excel-upload/index', NULL),
(590, '2016-09-14 09:18:35', 1, NULL, '127.0.0.1', 'GET', 0, 'excel-upload/index', NULL),
(591, '2016-09-14 09:34:40', 1, 0.246336, '127.0.0.1', 'GET', 0, 'excel-upload/index', 6403200),
(592, '2016-09-14 09:34:40', 1, 0.182945, '127.0.0.1', 'GET', 1, 'debug/default/toolbar', 6266824),
(593, '2016-09-14 09:35:10', 1, 0.240224, '127.0.0.1', 'GET', 0, 'excel-upload/index', 6403200),
(594, '2016-09-14 09:35:11', 1, 0.259947, '127.0.0.1', 'GET', 1, 'debug/default/toolbar', 6267944),
(595, '2016-09-14 09:35:12', 1, NULL, '127.0.0.1', 'GET', 0, 'excel-upload/import', NULL),
(596, '2016-09-14 09:36:01', 1, NULL, '127.0.0.1', 'GET', 0, 'excel-upload/import', NULL),
(597, '2016-09-14 09:36:02', 1, 0.657198, '127.0.0.1', 'GET', 1, 'debug/default/toolbar', 6342336),
(598, '2016-09-14 09:36:25', 1, 0.28458, '127.0.0.1', 'GET', 0, 'excel-upload/import', 6721856),
(599, '2016-09-14 09:36:25', 1, 0.185974, '127.0.0.1', 'GET', 1, 'debug/default/toolbar', 6273112),
(600, '2016-09-14 09:40:20', 1, 0.23298, '127.0.0.1', 'GET', 0, 'site/index', 6448904),
(601, '2016-09-14 09:40:20', 1, 1.20749, '127.0.0.1', 'GET', 1, 'debug/default/toolbar', 6274912),
(602, '2016-09-14 09:40:22', 1, NULL, '127.0.0.1', 'GET', 0, 'excel-upload/index', NULL),
(603, '2016-09-14 09:40:23', 1, 0.788596, '127.0.0.1', 'GET', 1, 'debug/default/toolbar', 6331360),
(604, '2016-09-14 09:42:11', 1, NULL, '127.0.0.1', 'GET', 0, 'excel-upload/index', NULL),
(605, '2016-09-14 09:42:12', 1, 0.72015, '127.0.0.1', 'GET', 1, 'debug/default/toolbar', 6333088),
(606, '2016-09-14 09:48:59', 1, NULL, '127.0.0.1', 'GET', 0, 'excel-upload/index', NULL),
(607, '2016-09-14 09:49:00', 1, 0.64286, '127.0.0.1', 'GET', 1, 'debug/default/toolbar', 6348544),
(608, '2016-09-14 09:50:42', 1, NULL, '127.0.0.1', 'GET', 0, 'excel-upload/index', NULL),
(609, '2016-09-14 09:50:43', 1, 0.824164, '127.0.0.1', 'GET', 1, 'debug/default/toolbar', 6349456),
(610, '2016-09-14 09:50:45', 1, NULL, '127.0.0.1', 'GET', 0, 'excel-upload/index', NULL),
(611, '2016-09-14 09:50:46', 1, 0.692334, '127.0.0.1', 'GET', 1, 'debug/default/toolbar', 6350736),
(612, '2016-09-14 09:53:10', 1, 1.14595, '127.0.0.1', 'GET', 0, 'excel-upload/index', 6409848),
(613, '2016-09-14 09:53:12', 1, 0.877297, '127.0.0.1', 'GET', 1, 'debug/default/toolbar', 6266784),
(614, '2016-09-14 09:53:22', 1, NULL, '127.0.0.1', 'GET', 0, 'excel-upload/import', NULL),
(615, '2016-09-14 09:53:24', 1, 1.3783, '127.0.0.1', 'GET', 1, 'debug/default/toolbar', 6338224),
(616, '2016-09-14 09:54:26', 1, NULL, '127.0.0.1', 'GET', 0, 'excel-upload/import', NULL),
(617, '2016-09-14 09:54:27', 1, 0.665504, '127.0.0.1', 'GET', 1, 'debug/default/toolbar', 6339856),
(618, '2016-09-14 09:54:28', 1, 0.194665, '127.0.0.1', 'GET', 0, 'excel-upload/index', 6409616),
(619, '2016-09-14 09:54:28', 1, 0.211955, '127.0.0.1', 'GET', 1, 'debug/default/toolbar', 6269728),
(620, '2016-09-14 09:54:30', 1, NULL, '127.0.0.1', 'GET', 0, 'excel-upload/import', NULL),
(621, '2016-09-14 09:54:30', 1, 0.709236, '127.0.0.1', 'GET', 1, 'debug/default/toolbar', 6341608),
(622, '2016-09-14 09:57:28', 1, 0.256931, '127.0.0.1', 'GET', 0, 'excel-upload/import', 6721704),
(623, '2016-09-14 09:57:28', 1, 0.21913, '127.0.0.1', 'GET', 1, 'debug/default/toolbar', 6274200),
(624, '2016-09-14 09:57:57', 1, 1.06668, '127.0.0.1', 'GET', 0, 'student-search/index', 7477848),
(625, '2016-09-14 09:57:58', 1, 0.214044, '127.0.0.1', 'GET', 1, 'debug/default/toolbar', 6313232),
(626, '2016-09-14 09:58:41', 1, 0.248196, '127.0.0.1', 'GET', 0, 'excel-upload/index', 6402680),
(627, '2016-09-14 09:58:41', 1, 0.287245, '127.0.0.1', 'GET', 1, 'debug/default/toolbar', 6261912),
(628, '2016-09-14 09:59:49', 1, 0.343373, '127.0.0.1', 'GET', 0, 'excel-upload/index', 6719816),
(629, '2016-09-14 09:59:50', 1, 0.196343, '127.0.0.1', 'GET', 1, 'debug/default/toolbar', 6264736),
(630, '2016-09-14 10:01:47', 1, 0.23017, '127.0.0.1', 'POST', 0, 'excel-upload/index', 6725344),
(631, '2016-09-14 10:01:47', 1, 0.186243, '127.0.0.1', 'GET', 1, 'debug/default/toolbar', 6270536),
(632, '2016-09-14 10:03:36', 1, NULL, '127.0.0.1', 'POST', 0, 'excel-upload/index', NULL),
(633, '2016-09-14 10:06:55', 1, NULL, '127.0.0.1', 'GET', 0, 'excel-upload/index', NULL),
(634, '2016-09-14 10:06:58', 1, 0.355188, '127.0.0.1', 'GET', 0, 'site/index', 6448904),
(635, '2016-09-14 10:06:59', 1, 1.27403, '127.0.0.1', 'GET', 1, 'debug/default/toolbar', 6271384),
(636, '2016-09-14 10:07:00', 1, 0.190739, '127.0.0.1', 'GET', 0, 'student-search/index', 7477736),
(637, '2016-09-14 10:07:01', 1, 0.41775, '127.0.0.1', 'GET', 1, 'debug/default/toolbar', 6322048),
(638, '2016-09-14 10:07:02', 1, 0.404607, '127.0.0.1', 'GET', 0, 'student-search/create', 6943008),
(639, '2016-09-14 10:07:02', 1, 0.1916, '127.0.0.1', 'GET', 1, 'debug/default/toolbar', 6309928),
(640, '2016-09-14 10:07:05', 1, 0.278204, '127.0.0.1', 'GET', 0, 'student-search/index', 7477736),
(641, '2016-09-14 10:07:06', 1, 0.31755, '127.0.0.1', 'GET', 1, 'debug/default/toolbar', 6324288),
(642, '2016-09-14 10:09:11', 1, 0.309259, '127.0.0.1', 'GET', 0, 'excel-upload/index', 6720512),
(643, '2016-09-14 10:09:12', 1, 0.245586, '127.0.0.1', 'GET', 1, 'debug/default/toolbar', 6262536),
(644, '2016-09-14 10:09:17', 1, NULL, '127.0.0.1', 'POST', 0, 'excel-upload/index', NULL),
(645, '2016-09-14 10:09:18', 1, 0.319122, '127.0.0.1', 'GET', 1, 'debug/default/toolbar', 6337552),
(646, '2016-09-14 10:09:58', 1, NULL, '127.0.0.1', 'POST', 0, 'excel-upload/index', NULL),
(647, '2016-09-14 10:10:48', 1, 0.229614, '127.0.0.1', 'GET', 0, 'site/index', 6448904),
(648, '2016-09-14 10:10:49', 1, 0.217621, '127.0.0.1', 'GET', 1, 'debug/default/toolbar', 6266784),
(649, '2016-09-14 10:10:52', 1, NULL, '127.0.0.1', 'GET', 0, 'excel-upload/index', NULL),
(650, '2016-09-14 10:11:18', 1, NULL, '127.0.0.1', 'GET', 0, 'excel-upload/index', NULL),
(651, '2016-09-14 10:13:11', 1, NULL, '127.0.0.1', 'GET', 0, 'excel-upload/index', NULL),
(652, '2016-09-14 10:14:38', 1, NULL, '127.0.0.1', 'GET', 0, 'excel-upload/index', NULL),
(653, '2016-09-14 10:14:39', 1, 0.694463, '127.0.0.1', 'GET', 1, 'debug/default/toolbar', 6354976),
(654, '2016-09-14 10:15:20', 1, NULL, '127.0.0.1', 'GET', 0, 'excel-upload/index', NULL),
(655, '2016-09-14 10:15:21', 1, 0.708375, '127.0.0.1', 'GET', 1, 'debug/default/toolbar', 6356088),
(656, '2016-09-14 10:16:25', 1, NULL, '127.0.0.1', 'GET', 0, 'excel-upload/index', NULL),
(657, '2016-09-14 10:16:47', 1, NULL, '127.0.0.1', 'GET', 0, 'excel-upload/index', NULL),
(658, '2016-09-14 10:17:14', 1, NULL, '127.0.0.1', 'GET', 0, 'excel-upload/index', NULL),
(659, '2016-09-14 10:17:15', 1, 0.632608, '127.0.0.1', 'GET', 1, 'debug/default/toolbar', 6333128),
(660, '2016-09-14 10:17:27', 1, 0.290396, '127.0.0.1', 'GET', 0, 'excel-upload/index', 6720648),
(661, '2016-09-14 10:17:28', 1, 0.19974, '127.0.0.1', 'GET', 1, 'debug/default/toolbar', 6265128),
(662, '2016-09-14 10:17:56', 1, NULL, '127.0.0.1', 'POST', 0, 'excel-upload/index', NULL),
(663, '2016-09-14 10:21:48', 1, NULL, '127.0.0.1', 'POST', 0, 'excel-upload/index', NULL),
(664, '2016-09-14 10:22:36', 1, NULL, '127.0.0.1', 'POST', 0, 'excel-upload/index', NULL),
(665, '2016-09-14 10:23:07', 1, NULL, '127.0.0.1', 'GET', 0, 'excel-upload/index', NULL),
(666, '2016-09-14 10:23:08', 1, 0.729881, '127.0.0.1', 'GET', 1, 'debug/default/toolbar', 6352016),
(667, '2016-09-14 10:23:13', 1, NULL, '127.0.0.1', 'GET', 0, 'excel-upload/index', NULL),
(668, '2016-09-14 10:23:14', 1, 0.35196, '127.0.0.1', 'GET', 1, 'debug/default/toolbar', 6353384),
(669, '2016-09-14 10:23:15', 1, 0.242503, '127.0.0.1', 'GET', 0, 'site/index', 6448904),
(670, '2016-09-14 10:23:15', 1, 0.228863, '127.0.0.1', 'GET', 1, 'debug/default/toolbar', 6272296),
(671, '2016-09-14 10:23:18', 1, NULL, '127.0.0.1', 'GET', 0, 'excel-upload/index', NULL),
(672, '2016-09-14 10:23:19', 1, 1.03546, '127.0.0.1', 'GET', 1, 'debug/default/toolbar', 6355592),
(673, '2016-09-14 10:24:28', 1, 0.235755, '127.0.0.1', 'GET', 0, 'excel-upload/index', 6720080),
(674, '2016-09-14 10:24:28', 1, 0.203322, '127.0.0.1', 'GET', 1, 'debug/default/toolbar', 6274024),
(675, '2016-09-14 10:24:37', 1, 0.271031, '127.0.0.1', 'POST', 0, 'excel-upload/index', 6723776),
(676, '2016-09-14 10:24:38', 1, 0.348047, '127.0.0.1', 'GET', 1, 'debug/default/toolbar', 6265760),
(677, '2016-09-14 10:28:00', 1, 0.237799, '127.0.0.1', 'POST', 0, 'excel-upload/index', 6742816),
(678, '2016-09-14 10:28:01', 1, 0.205663, '127.0.0.1', 'GET', 1, 'debug/default/toolbar', 6266904),
(679, '2016-09-14 10:28:09', 1, 0.257373, '127.0.0.1', 'POST', 0, 'excel-upload/index', 6740952),
(680, '2016-09-14 10:28:10', 1, 0.161864, '127.0.0.1', 'GET', 1, 'debug/default/toolbar', 6267336),
(681, '2016-09-14 10:30:02', 1, 0.289386, '127.0.0.1', 'GET', 0, 'site/index', 6448904),
(682, '2016-09-14 10:30:03', 1, 0.272297, '127.0.0.1', 'GET', 1, 'debug/default/toolbar', 6266800),
(683, '2016-09-14 10:30:05', 1, NULL, '127.0.0.1', 'GET', 0, 'excel-upload/index', NULL),
(684, '2016-09-14 10:30:06', 1, 0.769599, '127.0.0.1', 'GET', 1, 'debug/default/toolbar', 6349976),
(685, '2016-09-14 10:32:08', 1, 0.279591, '127.0.0.1', 'GET', 0, 'excel-upload/index', 6738936),
(686, '2016-09-14 10:32:08', 1, 0.181494, '127.0.0.1', 'GET', 1, 'debug/default/toolbar', 6268528),
(687, '2016-09-14 10:32:14', 1, 0.185457, '127.0.0.1', 'POST', 0, 'excel-upload/index', 6740648),
(688, '2016-09-14 10:32:14', 1, 0.164353, '127.0.0.1', 'GET', 1, 'debug/default/toolbar', 6271760),
(689, '2016-09-14 10:32:33', 1, 0.336979, '127.0.0.1', 'POST', 0, 'excel-upload/index', 6740688),
(690, '2016-09-14 10:32:33', 1, 0.201346, '127.0.0.1', 'GET', 1, 'debug/default/toolbar', 6272880),
(691, '2016-09-14 10:33:18', 1, 0.249084, '127.0.0.1', 'POST', 0, 'excel-upload/index', 6740816),
(692, '2016-09-14 10:33:19', 1, 0.188033, '127.0.0.1', 'GET', 1, 'debug/default/toolbar', 6273976),
(693, '2016-09-14 10:39:19', 1, NULL, '127.0.0.1', 'POST', 0, 'excel-upload/index', NULL),
(694, '2016-09-14 10:40:52', 1, NULL, '127.0.0.1', 'POST', 0, 'excel-upload/index', NULL),
(695, '2016-09-14 10:42:26', 1, NULL, '127.0.0.1', 'POST', 0, 'excel-upload/index', NULL),
(696, '2016-09-14 10:43:08', 1, 0.346814, '127.0.0.1', 'GET', 0, 'site/index', 6448904),
(697, '2016-09-14 10:43:08', 1, 2.33965, '127.0.0.1', 'GET', 1, 'debug/default/toolbar', 6264808),
(698, '2016-09-14 10:43:11', 1, NULL, '127.0.0.1', 'GET', 0, 'excel-upload/index', NULL),
(699, '2016-09-14 10:43:11', 1, 0.739947, '127.0.0.1', 'GET', 1, 'debug/default/toolbar', 6347592),
(700, '2016-09-14 10:48:14', 1, NULL, '127.0.0.1', 'GET', 0, 'excel-upload/index', NULL),
(701, '2016-09-14 10:48:16', 1, NULL, '127.0.0.1', 'GET', 0, 'excel-upload/index', NULL),
(702, '2016-09-14 10:48:58', 1, 0.3222, '127.0.0.1', 'GET', 0, 'site/index', 6448904),
(703, '2016-09-14 10:48:59', 1, 2.60552, '127.0.0.1', 'GET', 1, 'debug/default/toolbar', 6269192),
(704, '2016-09-14 10:49:01', 1, NULL, '127.0.0.1', 'GET', 0, 'excel-upload/index', NULL),
(705, '2016-09-14 10:49:02', 1, 0.65005, '127.0.0.1', 'GET', 1, 'debug/default/toolbar', 6352056),
(706, '2016-09-14 10:49:17', 1, 0.21251, '127.0.0.1', 'GET', 0, 'excel-upload/index', 6741848),
(707, '2016-09-14 10:49:18', 1, 0.199393, '127.0.0.1', 'GET', 1, 'debug/default/toolbar', 6270696),
(708, '2016-09-14 10:49:48', 1, 0.251041, '127.0.0.1', 'POST', 0, 'excel-upload/index', 6772784),
(709, '2016-09-14 10:49:49', 1, 0.229264, '127.0.0.1', 'GET', 1, 'debug/default/toolbar', 6273936),
(710, '2016-09-14 10:52:27', 1, 0.255434, '127.0.0.1', 'POST', 0, 'excel-upload/index', 6769344),
(711, '2016-09-14 10:52:27', 1, 0.174601, '127.0.0.1', 'GET', 1, 'debug/default/toolbar', 6275048),
(712, '2016-09-14 10:52:32', 1, 0.26299, '127.0.0.1', 'POST', 0, 'excel-upload/index', 6769344),
(713, '2016-09-14 10:52:33', 1, 0.191484, '127.0.0.1', 'GET', 1, 'debug/default/toolbar', 6276168),
(714, '2016-09-14 10:53:15', 1, 0.198775, '127.0.0.1', 'POST', 0, 'excel-upload/index', 6769368),
(715, '2016-09-14 10:53:15', 1, 0.191569, '127.0.0.1', 'GET', 1, 'debug/default/toolbar', 6265040),
(716, '2016-09-14 10:53:20', 1, 0.320165, '127.0.0.1', 'POST', 0, 'excel-upload/index', 6769368),
(717, '2016-09-14 10:53:20', 1, 0.168686, '127.0.0.1', 'GET', 1, 'debug/default/toolbar', 6266128),
(718, '2016-09-14 10:53:51', 1, 0.253657, '127.0.0.1', 'POST', 0, 'excel-upload/index', 6769464),
(719, '2016-09-14 10:53:51', 1, 0.221149, '127.0.0.1', 'GET', 1, 'debug/default/toolbar', 6267264),
(720, '2016-09-14 10:53:56', 1, NULL, '127.0.0.1', 'POST', 0, 'excel-upload/index', NULL),
(721, '2016-09-14 10:53:57', 1, 0.434801, '127.0.0.1', 'GET', 1, 'debug/default/toolbar', 6347496),
(722, '2016-09-14 10:56:18', 1, 0.271154, '127.0.0.1', 'POST', 0, 'excel-upload/index', 6741168),
(723, '2016-09-14 10:56:19', 1, 0.185457, '127.0.0.1', 'GET', 1, 'debug/default/toolbar', 6270136),
(724, '2016-09-14 10:56:25', 1, 0.195002, '127.0.0.1', 'POST', 0, 'excel-upload/index', 6741168),
(725, '2016-09-14 10:56:26', 1, 0.228837, '127.0.0.1', 'GET', 1, 'debug/default/toolbar', 6271272),
(726, '2016-09-14 10:57:16', 1, NULL, '127.0.0.1', 'POST', 0, 'excel-upload/index', NULL),
(727, '2016-09-14 10:57:50', 1, 0.274316, '127.0.0.1', 'POST', 0, 'excel-upload/index', 6742064),
(728, '2016-09-14 10:57:50', 1, 0.211006, '127.0.0.1', 'GET', 1, 'debug/default/toolbar', 6273496),
(729, '2016-09-14 10:57:57', 1, 0.212608, '127.0.0.1', 'POST', 0, 'excel-upload/index', 6742064),
(730, '2016-09-14 10:57:57', 1, 0.245893, '127.0.0.1', 'GET', 1, 'debug/default/toolbar', 6274616),
(731, '2016-09-14 10:58:49', 1, 0.274405, '127.0.0.1', 'POST', 0, 'excel-upload/index', 6742136),
(732, '2016-09-14 10:58:50', 1, 0.171011, '127.0.0.1', 'GET', 1, 'debug/default/toolbar', 6275720),
(733, '2016-09-14 10:58:54', 1, 0.207007, '127.0.0.1', 'POST', 0, 'excel-upload/index', 6742136),
(734, '2016-09-14 10:58:55', 1, 0.189405, '127.0.0.1', 'GET', 1, 'debug/default/toolbar', 6276824),
(735, '2016-09-14 10:59:03', 1, 0.240284, '127.0.0.1', 'POST', 0, 'excel-upload/index', 6742136),
(736, '2016-09-14 10:59:03', 1, 0.319656, '127.0.0.1', 'GET', 1, 'debug/default/toolbar', 6265736),
(737, '2016-09-14 10:59:23', 1, 0.289678, '127.0.0.1', 'POST', 0, 'excel-upload/index', 6723840),
(738, '2016-09-14 10:59:24', 1, 0.265104, '127.0.0.1', 'GET', 1, 'debug/default/toolbar', 6266848),
(739, '2016-09-14 10:59:29', 1, 0.229926, '127.0.0.1', 'POST', 0, 'excel-upload/index', 6723840),
(740, '2016-09-14 10:59:29', 1, 0.194854, '127.0.0.1', 'GET', 1, 'debug/default/toolbar', 6267920),
(741, '2016-09-14 10:59:48', 1, 0.275952, '127.0.0.1', 'POST', 0, 'excel-upload/index', 6742072),
(742, '2016-09-14 10:59:48', 1, 0.281064, '127.0.0.1', 'GET', 1, 'debug/default/toolbar', 6269064),
(743, '2016-09-14 10:59:57', 1, 0.302556, '127.0.0.1', 'POST', 0, 'excel-upload/index', 6740136),
(744, '2016-09-14 10:59:58', 1, 0.403857, '127.0.0.1', 'GET', 1, 'debug/default/toolbar', 6269496),
(745, '2016-09-14 11:00:40', 1, 0.288574, '127.0.0.1', 'POST', 0, 'excel-upload/index', 6740144),
(746, '2016-09-14 11:00:41', 1, 0.240612, '127.0.0.1', 'GET', 1, 'debug/default/toolbar', 6270632),
(747, '2016-09-14 11:00:57', 1, 0.209364, '127.0.0.1', 'POST', 0, 'excel-upload/index', 6725840),
(748, '2016-09-14 11:00:57', 1, 0.191512, '127.0.0.1', 'GET', 1, 'debug/default/toolbar', 6271728),
(749, '2016-09-14 11:01:03', 1, 0.232789, '127.0.0.1', 'POST', 0, 'excel-upload/index', 6725840),
(750, '2016-09-14 11:01:04', 1, 0.166897, '127.0.0.1', 'GET', 1, 'debug/default/toolbar', 6272816),
(751, '2016-09-14 11:12:36', 1, NULL, '127.0.0.1', 'POST', 0, 'excel-upload/index', NULL),
(752, '2016-09-14 11:16:08', 1, NULL, '127.0.0.1', 'POST', 0, 'excel-upload/index', NULL),
(753, '2016-09-14 11:16:11', 1, NULL, '127.0.0.1', 'POST', 0, 'excel-upload/index', NULL),
(754, '2016-09-14 11:16:38', 1, NULL, '127.0.0.1', 'POST', 0, 'excel-upload/index', NULL),
(755, '2016-09-14 11:17:28', 1, NULL, '127.0.0.1', 'POST', 0, 'excel-upload/index', NULL),
(756, '2016-09-14 11:19:28', 1, NULL, '127.0.0.1', 'POST', 0, 'excel-upload/index', NULL),
(757, '2016-09-14 11:22:12', 1, NULL, '127.0.0.1', 'POST', 0, 'excel-upload/index', NULL),
(758, '2016-09-14 11:22:44', 1, NULL, '127.0.0.1', 'POST', 0, 'excel-upload/index', NULL),
(759, '2016-09-14 11:23:07', 1, NULL, '127.0.0.1', 'POST', 0, 'excel-upload/index', NULL),
(760, '2016-09-14 11:24:10', 1, NULL, '127.0.0.1', 'POST', 0, 'excel-upload/index', NULL),
(761, '2016-09-14 11:24:36', 1, NULL, '127.0.0.1', 'POST', 0, 'excel-upload/index', NULL),
(762, '2016-09-14 11:25:26', 1, NULL, '127.0.0.1', 'POST', 0, 'excel-upload/index', NULL),
(763, '2016-09-14 11:26:47', 1, NULL, '127.0.0.1', 'POST', 0, 'excel-upload/index', NULL),
(764, '2016-09-14 11:27:50', 1, NULL, '127.0.0.1', 'POST', 0, 'excel-upload/index', NULL),
(765, '2016-09-14 11:35:10', 1, NULL, '127.0.0.1', 'POST', 0, 'excel-upload/index', NULL),
(766, '2016-09-14 11:35:25', 1, NULL, '127.0.0.1', 'POST', 0, 'excel-upload/index', NULL),
(767, '2016-09-14 11:59:33', 1, 0.250026, '127.0.0.1', 'GET', 0, 'site/index', 6448904),
(768, '2016-09-14 11:59:33', 1, 2.35697, '127.0.0.1', 'GET', 1, 'debug/default/toolbar', 6265864),
(769, '2016-09-14 11:59:36', 1, NULL, '127.0.0.1', 'GET', 0, 'excel-upload/index', NULL),
(770, '2016-09-14 11:59:37', 1, 0.656136, '127.0.0.1', 'GET', 1, 'debug/default/toolbar', 6347592),
(771, '2016-09-14 12:00:13', 1, NULL, '127.0.0.1', 'GET', 0, 'excel-upload/index', NULL),
(772, '2016-09-14 12:00:15', 1, 1.70554, '127.0.0.1', 'GET', 1, 'debug/default/toolbar', 6347168),
(773, '2016-09-14 12:02:51', 1, NULL, '127.0.0.1', 'GET', 0, 'excel-upload/index', NULL),
(774, '2016-09-14 12:02:52', 1, 1.71489, '127.0.0.1', 'GET', 1, 'debug/default/toolbar', 6338592),
(775, '2016-09-14 12:03:29', 1, 0.305484, '127.0.0.1', 'GET', 0, 'excel-upload/index', 7059896),
(776, '2016-09-14 12:03:29', 1, 0.181511, '127.0.0.1', 'GET', 1, 'debug/default/toolbar', 6270928),
(777, '2016-09-14 12:40:12', 1, 0.263355, '127.0.0.1', 'GET', 0, 'excel-upload/index', 7061192),
(778, '2016-09-14 12:40:12', 1, 0.228559, '127.0.0.1', 'GET', 1, 'debug/default/toolbar', 6273568),
(779, '2016-09-14 12:40:21', 1, NULL, '127.0.0.1', 'POST', 0, 'excel-upload/index', NULL),
(780, '2016-09-14 12:42:17', 1, NULL, '127.0.0.1', 'POST', 0, 'excel-upload/index', NULL),
(781, '2016-09-14 12:42:19', 1, 1.96212, '127.0.0.1', 'GET', 1, 'debug/default/toolbar', 6346280),
(782, '2016-09-14 12:44:41', 1, NULL, '127.0.0.1', 'POST', 0, 'excel-upload/index', NULL),
(783, '2016-09-14 12:47:42', 1, NULL, '127.0.0.1', 'POST', 0, 'excel-upload/index', NULL),
(784, '2016-09-14 12:47:43', 1, 1.70282, '127.0.0.1', 'GET', 1, 'debug/default/toolbar', 6336160),
(785, '2016-09-14 12:52:42', 1, NULL, '127.0.0.1', 'POST', 0, 'excel-upload/index', NULL),
(786, '2016-09-14 12:53:29', 1, NULL, '127.0.0.1', 'POST', 0, 'excel-upload/index', NULL),
(787, '2016-09-14 12:53:57', 1, NULL, '127.0.0.1', 'POST', 0, 'excel-upload/index', NULL),
(788, '2016-09-14 12:54:31', 1, NULL, '127.0.0.1', 'POST', 0, 'excel-upload/index', NULL),
(789, '2016-09-14 12:56:23', 1, NULL, '127.0.0.1', 'POST', 0, 'excel-upload/index', NULL),
(790, '2016-09-14 12:58:31', 1, 0.469145, '127.0.0.1', 'POST', 0, 'excel-upload/index', 6134680),
(791, '2016-09-14 12:58:31', 1, 0.189312, '127.0.0.1', 'GET', 0, 'excel-upload/index', 7061280),
(792, '2016-09-14 12:58:32', 1, 0.173662, '127.0.0.1', 'GET', 1, 'debug/default/toolbar', 6273664),
(793, '2016-09-14 13:04:17', 1, NULL, '127.0.0.1', 'POST', 0, 'excel-upload/index', NULL),
(794, '2016-09-14 13:06:34', 1, 0.340171, '127.0.0.1', 'GET', 0, 'site/index', 6449040),
(795, '2016-09-14 13:06:35', 1, 1.2353, '127.0.0.1', 'GET', 1, 'debug/default/toolbar', 6274848),
(796, '2016-09-14 13:06:52', 1, 0.218642, '127.0.0.1', 'GET', 0, 'excel-upload/index', 7060928),
(797, '2016-09-14 13:06:53', 1, 0.185115, '127.0.0.1', 'GET', 1, 'debug/default/toolbar', 6264280),
(798, '2016-09-14 13:06:58', 1, 0.762792, '127.0.0.1', 'POST', 0, 'excel-upload/index', 6134600),
(799, '2016-09-14 13:06:59', 1, 0.328253, '127.0.0.1', 'GET', 0, 'excel-upload/index', 7061280),
(800, '2016-09-14 13:07:00', 1, 0.180414, '127.0.0.1', 'GET', 1, 'debug/default/toolbar', 6266752),
(801, '2016-09-14 13:11:03', 1, NULL, '127.0.0.1', 'POST', 0, 'excel-upload/index', NULL),
(802, '2016-09-14 13:13:35', 1, 0.253505, '127.0.0.1', 'GET', 0, 'excel-upload/index', 7061232),
(803, '2016-09-14 13:13:35', 1, 0.236043, '127.0.0.1', 'GET', 1, 'debug/default/toolbar', 6268680),
(804, '2016-09-14 13:13:37', 1, 0.337978, '127.0.0.1', 'POST', 0, 'excel-upload/index', 7161816),
(805, '2016-09-14 13:13:39', 1, 0.160974, '127.0.0.1', 'GET', 1, 'debug/default/toolbar', 6304952),
(806, '2016-09-14 13:15:44', 1, 0.222143, '127.0.0.1', 'GET', 0, 'excel-upload/index', 7061232),
(807, '2016-09-14 13:15:45', 1, 0.395351, '127.0.0.1', 'GET', 1, 'debug/default/toolbar', 6270976),
(808, '2016-09-14 13:15:50', 1, 0.273385, '127.0.0.1', 'POST', 0, 'excel-upload/index', 7161816),
(809, '2016-09-14 13:15:51', 1, 0.173645, '127.0.0.1', 'GET', 1, 'debug/default/toolbar', 6307144),
(810, '2016-09-14 13:16:19', 1, 0.244585, '127.0.0.1', 'GET', 0, 'excel-upload/index', 7061000),
(811, '2016-09-14 13:16:20', 1, 0.232824, '127.0.0.1', 'GET', 1, 'debug/default/toolbar', 6273184),
(812, '2016-09-14 13:16:29', 1, 0.296926, '127.0.0.1', 'POST', 0, 'excel-upload/index', 7161576),
(813, '2016-09-14 13:16:31', 1, 0.185009, '127.0.0.1', 'GET', 1, 'debug/default/toolbar', 6309360),
(814, '2016-09-14 13:21:40', 1, 0.245645, '127.0.0.1', 'GET', 0, 'site/index', 6216360),
(815, '2016-09-14 13:21:50', 1, 0.261745, '127.0.0.1', 'GET', 0, 'excel-upload/index', 6827888),
(816, '2016-09-14 13:21:53', 1, 0.905848, '127.0.0.1', 'GET', 0, 'student-search/index', 7247376),
(817, '2016-09-14 13:22:01', 1, 0.972411, '127.0.0.1', 'GET', 0, 'user-management/user/index', 8073872),
(818, '2016-09-14 13:22:04', 1, 0.305825, '127.0.0.1', 'GET', 0, 'user-management/auth/logout', 5378784),
(819, '2016-09-14 13:22:04', 0, 0.30309, '127.0.0.1', 'GET', 0, 'user-management/auth/login', 6443896);

-- --------------------------------------------------------

--
-- Table structure for table `audit_error`
--

CREATE TABLE IF NOT EXISTS `audit_error` (
  `id` int(11) NOT NULL AUTO_INCREMENT,
  `entry_id` int(11) NOT NULL,
  `created` datetime NOT NULL,
  `message` text NOT NULL,
  `code` int(11) DEFAULT '0',
  `file` varchar(512) DEFAULT NULL,
  `line` int(11) DEFAULT NULL,
  `trace` blob,
  `hash` varchar(32) DEFAULT NULL,
  `emailed` tinyint(1) NOT NULL DEFAULT '0',
  PRIMARY KEY (`id`),
  KEY `fk_audit_error_entry_id` (`entry_id`),
  KEY `idx_file` (`file`(180)),
  KEY `idx_emailed` (`emailed`)
) ENGINE=InnoDB DEFAULT CHARSET=utf8 AUTO_INCREMENT=1 ;

-- --------------------------------------------------------

--
-- Table structure for table `audit_javascript`
--

CREATE TABLE IF NOT EXISTS `audit_javascript` (
  `id` int(11) NOT NULL AUTO_INCREMENT,
  `entry_id` int(11) NOT NULL,
  `created` datetime NOT NULL,
  `type` varchar(20) NOT NULL,
  `message` text NOT NULL,
  `origin` varchar(512) DEFAULT NULL,
  `data` blob,
  PRIMARY KEY (`id`),
  KEY `fk_audit_javascript_entry_id` (`entry_id`)
) ENGINE=InnoDB DEFAULT CHARSET=utf8 AUTO_INCREMENT=1 ;

-- --------------------------------------------------------

--
-- Table structure for table `audit_mail`
--

CREATE TABLE IF NOT EXISTS `audit_mail` (
  `id` int(11) NOT NULL AUTO_INCREMENT,
  `entry_id` int(11) NOT NULL,
  `created` datetime NOT NULL,
  `successful` int(11) NOT NULL,
  `from` varchar(255) DEFAULT NULL,
  `to` varchar(255) DEFAULT NULL,
  `reply` varchar(255) DEFAULT NULL,
  `cc` varchar(255) DEFAULT NULL,
  `bcc` varchar(255) DEFAULT NULL,
  `subject` varchar(255) DEFAULT NULL,
  `text` blob,
  `html` blob,
  `data` blob,
  PRIMARY KEY (`id`),
  KEY `fk_audit_mail_entry_id` (`entry_id`)
) ENGINE=InnoDB DEFAULT CHARSET=utf8 AUTO_INCREMENT=1 ;

-- --------------------------------------------------------

--
-- Table structure for table `audit_trail`
--

CREATE TABLE IF NOT EXISTS `audit_trail` (
  `id` int(11) NOT NULL AUTO_INCREMENT,
  `entry_id` int(11) DEFAULT NULL,
  `user_id` int(11) DEFAULT NULL,
  `action` varchar(255) NOT NULL,
  `model` varchar(255) NOT NULL,
  `model_id` varchar(255) NOT NULL,
  `field` varchar(255) DEFAULT NULL,
  `old_value` text,
  `new_value` text,
  `created` datetime NOT NULL,
  PRIMARY KEY (`id`),
  KEY `fk_audit_trail_entry_id` (`entry_id`),
  KEY `idx_audit_user_id` (`user_id`),
  KEY `idx_audit_trail_field` (`model`,`model_id`,`field`),
  KEY `idx_audit_trail_action` (`action`)
) ENGINE=InnoDB DEFAULT CHARSET=utf8 AUTO_INCREMENT=1 ;

-- --------------------------------------------------------

--
-- Table structure for table `auth_assignment`
--

CREATE TABLE IF NOT EXISTS `auth_assignment` (
  `item_name` varchar(64) NOT NULL,
  `user_id` int(11) NOT NULL,
  `created_at` int(11) DEFAULT NULL,
  PRIMARY KEY (`item_name`,`user_id`),
  KEY `user_id` (`user_id`)
) ENGINE=InnoDB DEFAULT CHARSET=utf8;

--
-- Dumping data for table `auth_assignment`
--

INSERT INTO `auth_assignment` (`item_name`, `user_id`, `created_at`) VALUES
('Admin', 2, 1473669924),
('user', 2, 1473670385),
('user', 3, 1473670113);

-- --------------------------------------------------------

--
-- Table structure for table `auth_item`
--

CREATE TABLE IF NOT EXISTS `auth_item` (
  `name` varchar(64) NOT NULL,
  `type` int(11) NOT NULL,
  `description` text,
  `rule_name` varchar(64) DEFAULT NULL,
  `data` text,
  `created_at` int(11) DEFAULT NULL,
  `updated_at` int(11) DEFAULT NULL,
  `group_code` varchar(64) DEFAULT NULL,
  PRIMARY KEY (`name`),
  KEY `rule_name` (`rule_name`),
  KEY `idx-auth_item-type` (`type`),
  KEY `fk_auth_item_group_code` (`group_code`)
) ENGINE=InnoDB DEFAULT CHARSET=utf8;

--
-- Dumping data for table `auth_item`
--

INSERT INTO `auth_item` (`name`, `type`, `description`, `rule_name`, `data`, `created_at`, `updated_at`, `group_code`) VALUES
('/*', 3, NULL, NULL, NULL, 1473667390, 1473667390, NULL),
('//*', 3, NULL, NULL, NULL, 1473667390, 1473667390, NULL),
('//controller', 3, NULL, NULL, NULL, 1473667390, 1473667390, NULL),
('//crud', 3, NULL, NULL, NULL, 1473667390, 1473667390, NULL),
('//extension', 3, NULL, NULL, NULL, 1473667390, 1473667390, NULL),
('//form', 3, NULL, NULL, NULL, 1473667390, 1473667390, NULL),
('//index', 3, NULL, NULL, NULL, 1473667390, 1473667390, NULL),
('//model', 3, NULL, NULL, NULL, 1473667390, 1473667390, NULL),
('//module', 3, NULL, NULL, NULL, 1473667390, 1473667390, NULL),
('/asset/*', 3, NULL, NULL, NULL, 1473667390, 1473667390, NULL),
('/asset/compress', 3, NULL, NULL, NULL, 1473667390, 1473667390, NULL),
('/asset/template', 3, NULL, NULL, NULL, 1473667390, 1473667390, NULL),
('/audit/*', 3, NULL, NULL, NULL, 1473667390, 1473667390, NULL),
('/audit/cleanup', 3, NULL, NULL, NULL, 1473667390, 1473667390, NULL),
('/audit/default/*', 3, NULL, NULL, NULL, 1473669818, 1473669818, NULL),
('/audit/default/index', 3, NULL, NULL, NULL, 1473669818, 1473669818, NULL),
('/audit/entry/*', 3, NULL, NULL, NULL, 1473669818, 1473669818, NULL),
('/audit/entry/db-explain', 3, NULL, NULL, NULL, 1473669818, 1473669818, NULL),
('/audit/entry/index', 3, NULL, NULL, NULL, 1473669818, 1473669818, NULL),
('/audit/entry/view', 3, NULL, NULL, NULL, 1473669818, 1473669818, NULL),
('/audit/error-email', 3, NULL, NULL, NULL, 1473667390, 1473667390, NULL),
('/audit/error/*', 3, NULL, NULL, NULL, 1473669818, 1473669818, NULL),
('/audit/error/index', 3, NULL, NULL, NULL, 1473669818, 1473669818, NULL),
('/audit/error/view', 3, NULL, NULL, NULL, 1473669818, 1473669818, NULL),
('/audit/javascript/*', 3, NULL, NULL, NULL, 1473669818, 1473669818, NULL),
('/audit/javascript/index', 3, NULL, NULL, NULL, 1473669818, 1473669818, NULL),
('/audit/javascript/view', 3, NULL, NULL, NULL, 1473669818, 1473669818, NULL),
('/audit/js-log/*', 3, NULL, NULL, NULL, 1473669818, 1473669818, NULL),
('/audit/js-log/index', 3, NULL, NULL, NULL, 1473669818, 1473669818, NULL),
('/audit/mail/*', 3, NULL, NULL, NULL, 1473669818, 1473669818, NULL),
('/audit/mail/download', 3, NULL, NULL, NULL, 1473669818, 1473669818, NULL),
('/audit/mail/index', 3, NULL, NULL, NULL, 1473669818, 1473669818, NULL),
('/audit/mail/view', 3, NULL, NULL, NULL, 1473669818, 1473669818, NULL),
('/audit/trail/*', 3, NULL, NULL, NULL, 1473669818, 1473669818, NULL),
('/audit/trail/index', 3, NULL, NULL, NULL, 1473669818, 1473669818, NULL),
('/audit/trail/view', 3, NULL, NULL, NULL, 1473669818, 1473669818, NULL),
('/cache/*', 3, NULL, NULL, NULL, 1473667390, 1473667390, NULL),
('/cache/flush', 3, NULL, NULL, NULL, 1473667390, 1473667390, NULL),
('/cache/flush-all', 3, NULL, NULL, NULL, 1473667390, 1473667390, NULL),
('/cache/flush-schema', 3, NULL, NULL, NULL, 1473667390, 1473667390, NULL),
('/cache/index', 3, NULL, NULL, NULL, 1473667390, 1473667390, NULL),
('/debug/*', 3, NULL, NULL, NULL, 1473669817, 1473669817, NULL),
('/debug/default/*', 3, NULL, NULL, NULL, 1473669817, 1473669817, NULL),
('/debug/default/db-explain', 3, NULL, NULL, NULL, 1473669818, 1473669818, NULL),
('/debug/default/download-mail', 3, NULL, NULL, NULL, 1473669817, 1473669817, NULL),
('/debug/default/index', 3, NULL, NULL, NULL, 1473669818, 1473669818, NULL),
('/debug/default/toolbar', 3, NULL, NULL, NULL, 1473669817, 1473669817, NULL),
('/debug/default/view', 3, NULL, NULL, NULL, 1473669817, 1473669817, NULL),
('/fixture/*', 3, NULL, NULL, NULL, 1473667390, 1473667390, NULL),
('/fixture/load', 3, NULL, NULL, NULL, 1473667390, 1473667390, NULL),
('/fixture/unload', 3, NULL, NULL, NULL, 1473667390, 1473667390, NULL),
('/gii/*', 3, NULL, NULL, NULL, 1473667390, 1473667390, NULL),
('/gii/default/*', 3, NULL, NULL, NULL, 1473667390, 1473667390, NULL),
('/gii/default/action', 3, NULL, NULL, NULL, 1473667390, 1473667390, NULL),
('/gii/default/diff', 3, NULL, NULL, NULL, 1473667390, 1473667390, NULL),
('/gii/default/index', 3, NULL, NULL, NULL, 1473667390, 1473667390, NULL),
('/gii/default/preview', 3, NULL, NULL, NULL, 1473667390, 1473667390, NULL),
('/gii/default/view', 3, NULL, NULL, NULL, 1473667390, 1473667390, NULL),
('/gridview/*', 3, NULL, NULL, NULL, 1473669818, 1473669818, NULL),
('/gridview/export/*', 3, NULL, NULL, NULL, 1473669818, 1473669818, NULL),
('/gridview/export/download', 3, NULL, NULL, NULL, 1473669818, 1473669818, NULL),
('/hello/*', 3, NULL, NULL, NULL, 1473667390, 1473667390, NULL),
('/hello/index', 3, NULL, NULL, NULL, 1473667390, 1473667390, NULL),
('/help/*', 3, NULL, NULL, NULL, 1473667390, 1473667390, NULL),
('/help/index', 3, NULL, NULL, NULL, 1473667390, 1473667390, NULL),
('/message/*', 3, NULL, NULL, NULL, 1473667390, 1473667390, NULL),
('/message/config', 3, NULL, NULL, NULL, 1473667390, 1473667390, NULL),
('/message/config-template', 3, NULL, NULL, NULL, 1473667390, 1473667390, NULL),
('/message/extract', 3, NULL, NULL, NULL, 1473667390, 1473667390, NULL),
('/migrate/*', 3, NULL, NULL, NULL, 1473667390, 1473667390, NULL),
('/migrate/create', 3, NULL, NULL, NULL, 1473667390, 1473667390, NULL),
('/migrate/down', 3, NULL, NULL, NULL, 1473667390, 1473667390, NULL),
('/migrate/history', 3, NULL, NULL, NULL, 1473667390, 1473667390, NULL),
('/migrate/mark', 3, NULL, NULL, NULL, 1473667390, 1473667390, NULL),
('/migrate/new', 3, NULL, NULL, NULL, 1473667390, 1473667390, NULL),
('/migrate/redo', 3, NULL, NULL, NULL, 1473667390, 1473667390, NULL),
('/migrate/to', 3, NULL, NULL, NULL, 1473667390, 1473667390, NULL),
('/migrate/up', 3, NULL, NULL, NULL, 1473667390, 1473667390, NULL),
('/serve/*', 3, NULL, NULL, NULL, 1473667390, 1473667390, NULL),
('/serve/index', 3, NULL, NULL, NULL, 1473667390, 1473667390, NULL),
('/site/*', 3, NULL, NULL, NULL, 1473669817, 1473669817, NULL),
('/site/captcha', 3, NULL, NULL, NULL, 1473669817, 1473669817, NULL),
('/site/contact', 3, NULL, NULL, NULL, 1473669817, 1473669817, NULL),
('/site/error', 3, NULL, NULL, NULL, 1473669817, 1473669817, NULL),
('/site/index', 3, NULL, NULL, NULL, 1473669817, 1473669817, NULL),
('/site/login', 3, NULL, NULL, NULL, 1473669817, 1473669817, NULL),
('/site/logout', 3, NULL, NULL, NULL, 1473669817, 1473669817, NULL),
('/student-add/*', 3, NULL, NULL, NULL, 1473669817, 1473669817, NULL),
('/student-add/index', 3, NULL, NULL, NULL, 1473669817, 1473669817, NULL),
('/student-search/*', 3, NULL, NULL, NULL, 1473669817, 1473669817, NULL),
('/student-search/create', 3, NULL, NULL, NULL, 1473669817, 1473669817, NULL),
('/student-search/delete', 3, NULL, NULL, NULL, 1473669817, 1473669817, NULL),
('/student-search/index', 3, NULL, NULL, NULL, 1473669817, 1473669817, NULL),
('/student-search/update', 3, NULL, NULL, NULL, 1473669817, 1473669817, NULL),
('/student-search/view', 3, NULL, NULL, NULL, 1473669817, 1473669817, NULL),
('/user-management/*', 3, NULL, NULL, NULL, 1473667390, 1473667390, NULL),
('/user-management/auth-item-group/*', 3, NULL, NULL, NULL, 1473667390, 1473667390, NULL),
('/user-management/auth-item-group/bulk-activate', 3, NULL, NULL, NULL, 1473667390, 1473667390, NULL),
('/user-management/auth-item-group/bulk-deactivate', 3, NULL, NULL, NULL, 1473667390, 1473667390, NULL),
('/user-management/auth-item-group/bulk-delete', 3, NULL, NULL, NULL, 1473667390, 1473667390, NULL),
('/user-management/auth-item-group/create', 3, NULL, NULL, NULL, 1473667390, 1473667390, NULL),
('/user-management/auth-item-group/delete', 3, NULL, NULL, NULL, 1473667390, 1473667390, NULL),
('/user-management/auth-item-group/grid-page-size', 3, NULL, NULL, NULL, 1473667390, 1473667390, NULL),
('/user-management/auth-item-group/grid-sort', 3, NULL, NULL, NULL, 1473667390, 1473667390, NULL),
('/user-management/auth-item-group/index', 3, NULL, NULL, NULL, 1473667390, 1473667390, NULL),
('/user-management/auth-item-group/toggle-attribute', 3, NULL, NULL, NULL, 1473667390, 1473667390, NULL),
('/user-management/auth-item-group/update', 3, NULL, NULL, NULL, 1473667390, 1473667390, NULL),
('/user-management/auth-item-group/view', 3, NULL, NULL, NULL, 1473667390, 1473667390, NULL),
('/user-management/auth/*', 3, NULL, NULL, NULL, 1473667390, 1473667390, NULL),
('/user-management/auth/captcha', 3, NULL, NULL, NULL, 1473667390, 1473667390, NULL),
('/user-management/auth/change-own-password', 3, NULL, NULL, NULL, 1473667390, 1473667390, NULL),
('/user-management/auth/confirm-email', 3, NULL, NULL, NULL, 1473667390, 1473667390, NULL),
('/user-management/auth/confirm-email-receive', 3, NULL, NULL, NULL, 1473667390, 1473667390, NULL),
('/user-management/auth/confirm-registration-email', 3, NULL, NULL, NULL, 1473667390, 1473667390, NULL),
('/user-management/auth/login', 3, NULL, NULL, NULL, 1473667390, 1473667390, NULL),
('/user-management/auth/logout', 3, NULL, NULL, NULL, 1473667390, 1473667390, NULL),
('/user-management/auth/password-recovery', 3, NULL, NULL, NULL, 1473667390, 1473667390, NULL),
('/user-management/auth/password-recovery-receive', 3, NULL, NULL, NULL, 1473667390, 1473667390, NULL),
('/user-management/auth/registration', 3, NULL, NULL, NULL, 1473667390, 1473667390, NULL),
('/user-management/permission/*', 3, NULL, NULL, NULL, 1473667390, 1473667390, NULL),
('/user-management/permission/bulk-activate', 3, NULL, NULL, NULL, 1473667390, 1473667390, NULL),
('/user-management/permission/bulk-deactivate', 3, NULL, NULL, NULL, 1473667390, 1473667390, NULL),
('/user-management/permission/bulk-delete', 3, NULL, NULL, NULL, 1473667390, 1473667390, NULL),
('/user-management/permission/create', 3, NULL, NULL, NULL, 1473667390, 1473667390, NULL),
('/user-management/permission/delete', 3, NULL, NULL, NULL, 1473667390, 1473667390, NULL),
('/user-management/permission/grid-page-size', 3, NULL, NULL, NULL, 1473667390, 1473667390, NULL),
('/user-management/permission/grid-sort', 3, NULL, NULL, NULL, 1473667390, 1473667390, NULL),
('/user-management/permission/index', 3, NULL, NULL, NULL, 1473667390, 1473667390, NULL),
('/user-management/permission/refresh-routes', 3, NULL, NULL, NULL, 1473667390, 1473667390, NULL),
('/user-management/permission/set-child-permissions', 3, NULL, NULL, NULL, 1473667390, 1473667390, NULL),
('/user-management/permission/set-child-routes', 3, NULL, NULL, NULL, 1473667390, 1473667390, NULL),
('/user-management/permission/toggle-attribute', 3, NULL, NULL, NULL, 1473667390, 1473667390, NULL),
('/user-management/permission/update', 3, NULL, NULL, NULL, 1473667390, 1473667390, NULL),
('/user-management/permission/view', 3, NULL, NULL, NULL, 1473667390, 1473667390, NULL),
('/user-management/role/*', 3, NULL, NULL, NULL, 1473667390, 1473667390, NULL),
('/user-management/role/bulk-activate', 3, NULL, NULL, NULL, 1473667390, 1473667390, NULL),
('/user-management/role/bulk-deactivate', 3, NULL, NULL, NULL, 1473667390, 1473667390, NULL),
('/user-management/role/bulk-delete', 3, NULL, NULL, NULL, 1473667390, 1473667390, NULL),
('/user-management/role/create', 3, NULL, NULL, NULL, 1473667390, 1473667390, NULL),
('/user-management/role/delete', 3, NULL, NULL, NULL, 1473667390, 1473667390, NULL),
('/user-management/role/grid-page-size', 3, NULL, NULL, NULL, 1473667390, 1473667390, NULL),
('/user-management/role/grid-sort', 3, NULL, NULL, NULL, 1473667390, 1473667390, NULL),
('/user-management/role/index', 3, NULL, NULL, NULL, 1473667390, 1473667390, NULL),
('/user-management/role/set-child-permissions', 3, NULL, NULL, NULL, 1473667390, 1473667390, NULL),
('/user-management/role/set-child-roles', 3, NULL, NULL, NULL, 1473667390, 1473667390, NULL),
('/user-management/role/toggle-attribute', 3, NULL, NULL, NULL, 1473667390, 1473667390, NULL),
('/user-management/role/update', 3, NULL, NULL, NULL, 1473667390, 1473667390, NULL),
('/user-management/role/view', 3, NULL, NULL, NULL, 1473667390, 1473667390, NULL),
('/user-management/user-permission/*', 3, NULL, NULL, NULL, 1473667390, 1473667390, NULL),
('/user-management/user-permission/set', 3, NULL, NULL, NULL, 1473667390, 1473667390, NULL),
('/user-management/user-permission/set-roles', 3, NULL, NULL, NULL, 1473667390, 1473667390, NULL),
('/user-management/user-visit-log/*', 3, NULL, NULL, NULL, 1473667390, 1473667390, NULL),
('/user-management/user-visit-log/bulk-activate', 3, NULL, NULL, NULL, 1473667390, 1473667390, NULL),
('/user-management/user-visit-log/bulk-deactivate', 3, NULL, NULL, NULL, 1473667390, 1473667390, NULL),
('/user-management/user-visit-log/bulk-delete', 3, NULL, NULL, NULL, 1473667390, 1473667390, NULL),
('/user-management/user-visit-log/create', 3, NULL, NULL, NULL, 1473667390, 1473667390, NULL),
('/user-management/user-visit-log/delete', 3, NULL, NULL, NULL, 1473667390, 1473667390, NULL),
('/user-management/user-visit-log/grid-page-size', 3, NULL, NULL, NULL, 1473667390, 1473667390, NULL),
('/user-management/user-visit-log/grid-sort', 3, NULL, NULL, NULL, 1473667390, 1473667390, NULL),
('/user-management/user-visit-log/index', 3, NULL, NULL, NULL, 1473667390, 1473667390, NULL),
('/user-management/user-visit-log/toggle-attribute', 3, NULL, NULL, NULL, 1473667390, 1473667390, NULL),
('/user-management/user-visit-log/update', 3, NULL, NULL, NULL, 1473667390, 1473667390, NULL),
('/user-management/user-visit-log/view', 3, NULL, NULL, NULL, 1473667390, 1473667390, NULL),
('/user-management/user/*', 3, NULL, NULL, NULL, 1473667390, 1473667390, NULL),
('/user-management/user/bulk-activate', 3, NULL, NULL, NULL, 1473667390, 1473667390, NULL),
('/user-management/user/bulk-deactivate', 3, NULL, NULL, NULL, 1473667390, 1473667390, NULL),
('/user-management/user/bulk-delete', 3, NULL, NULL, NULL, 1473667390, 1473667390, NULL),
('/user-management/user/change-password', 3, NULL, NULL, NULL, 1473667390, 1473667390, NULL),
('/user-management/user/create', 3, NULL, NULL, NULL, 1473667390, 1473667390, NULL),
('/user-management/user/delete', 3, NULL, NULL, NULL, 1473667390, 1473667390, NULL),
('/user-management/user/grid-page-size', 3, NULL, NULL, NULL, 1473667390, 1473667390, NULL),
('/user-management/user/grid-sort', 3, NULL, NULL, NULL, 1473667390, 1473667390, NULL),
('/user-management/user/index', 3, NULL, NULL, NULL, 1473667390, 1473667390, NULL),
('/user-management/user/toggle-attribute', 3, NULL, NULL, NULL, 1473667390, 1473667390, NULL),
('/user-management/user/update', 3, NULL, NULL, NULL, 1473667390, 1473667390, NULL),
('/user-management/user/view', 3, NULL, NULL, NULL, 1473667390, 1473667390, NULL),
('/user-search/*', 3, NULL, NULL, NULL, 1473669816, 1473669816, NULL),
('/user-search/create', 3, NULL, NULL, NULL, 1473669817, 1473669817, NULL),
('/user-search/delete', 3, NULL, NULL, NULL, 1473669816, 1473669816, NULL),
('/user-search/index', 3, NULL, NULL, NULL, 1473669817, 1473669817, NULL),
('/user-search/update', 3, NULL, NULL, NULL, 1473669816, 1473669816, NULL),
('/user-search/view', 3, NULL, NULL, NULL, 1473669817, 1473669817, NULL),
('Admin', 1, 'Admin', NULL, NULL, 1473667390, 1473667390, NULL),
('assignRolesToUsers', 2, 'Assign roles to users', NULL, NULL, 1473667391, 1473667391, 'userManagement'),
('bindUserToIp', 2, 'Bind user to IP', NULL, NULL, 1473667391, 1473667391, 'userManagement'),
('changeOwnPassword', 2, 'Change own password', NULL, NULL, 1473667391, 1473667391, 'userCommonPermissions'),
('changeUserPassword', 2, 'Change user password', NULL, NULL, 1473667391, 1473667391, 'userManagement'),
('commonPermission', 2, 'Common permission', NULL, NULL, 1473667384, 1473667384, NULL),
('createUsers', 2, 'Create users', NULL, NULL, 1473667391, 1473667391, 'userManagement'),
('deleteUsers', 2, 'Delete users', NULL, NULL, 1473667391, 1473667391, 'userManagement'),
('editUserEmail', 2, 'Edit user email', NULL, NULL, 1473667391, 1473667391, 'userManagement'),
('editUsers', 2, 'Edit users', NULL, NULL, 1473667391, 1473667391, 'userManagement'),
('studentview', 2, 'Student view', NULL, NULL, 1473669790, 1473669790, 'studentmanagemet'),
('user', 1, 'user', NULL, NULL, 1473669982, 1473669982, NULL),
('viewRegistrationIp', 2, 'View registration IP', NULL, NULL, 1473667391, 1473667391, 'userManagement'),
('viewUserEmail', 2, 'View user email', NULL, NULL, 1473667391, 1473667391, 'userManagement'),
('viewUserRoles', 2, 'View user roles', NULL, NULL, 1473667391, 1473667391, 'userManagement'),
('viewUsers', 2, 'View users', NULL, NULL, 1473667390, 1473667390, 'userManagement'),
('viewVisitLog', 2, 'View visit log', NULL, NULL, 1473667391, 1473667391, 'userManagement');

-- --------------------------------------------------------

--
-- Table structure for table `auth_item_child`
--

CREATE TABLE IF NOT EXISTS `auth_item_child` (
  `parent` varchar(64) NOT NULL,
  `child` varchar(64) NOT NULL,
  PRIMARY KEY (`parent`,`child`),
  KEY `child` (`child`)
) ENGINE=InnoDB DEFAULT CHARSET=utf8;

--
-- Dumping data for table `auth_item_child`
--

INSERT INTO `auth_item_child` (`parent`, `child`) VALUES
('studentview', '/site/*'),
('studentview', '/site/index'),
('studentview', '/site/login'),
('studentview', '/site/logout'),
('studentview', '/student-search/create'),
('studentview', '/student-search/delete'),
('studentview', '/student-search/index'),
('studentview', '/student-search/update'),
('studentview', '/student-search/view'),
('changeOwnPassword', '/user-management/auth/change-own-password'),
('assignRolesToUsers', '/user-management/user-permission/set'),
('assignRolesToUsers', '/user-management/user-permission/set-roles'),
('viewVisitLog', '/user-management/user-visit-log/grid-page-size'),
('viewVisitLog', '/user-management/user-visit-log/index'),
('viewVisitLog', '/user-management/user-visit-log/view'),
('editUsers', '/user-management/user/bulk-activate'),
('editUsers', '/user-management/user/bulk-deactivate'),
('deleteUsers', '/user-management/user/bulk-delete'),
('changeUserPassword', '/user-management/user/change-password'),
('createUsers', '/user-management/user/create'),
('deleteUsers', '/user-management/user/delete'),
('viewUsers', '/user-management/user/grid-page-size'),
('viewUsers', '/user-management/user/index'),
('editUsers', '/user-management/user/update'),
('viewUsers', '/user-management/user/view'),
('Admin', 'assignRolesToUsers'),
('Admin', 'changeOwnPassword'),
('user', 'changeOwnPassword'),
('Admin', 'changeUserPassword'),
('Admin', 'createUsers'),
('Admin', 'deleteUsers'),
('Admin', 'editUsers'),
('user', 'studentview'),
('Admin', 'user'),
('editUserEmail', 'viewUserEmail'),
('assignRolesToUsers', 'viewUserRoles'),
('Admin', 'viewUsers'),
('assignRolesToUsers', 'viewUsers'),
('changeUserPassword', 'viewUsers'),
('createUsers', 'viewUsers'),
('deleteUsers', 'viewUsers'),
('editUsers', 'viewUsers'),
('Admin', 'viewVisitLog');

-- --------------------------------------------------------

--
-- Table structure for table `auth_item_group`
--

CREATE TABLE IF NOT EXISTS `auth_item_group` (
  `code` varchar(64) NOT NULL,
  `name` varchar(255) NOT NULL,
  `created_at` int(11) DEFAULT NULL,
  `updated_at` int(11) DEFAULT NULL,
  PRIMARY KEY (`code`)
) ENGINE=InnoDB DEFAULT CHARSET=utf8;

--
-- Dumping data for table `auth_item_group`
--

INSERT INTO `auth_item_group` (`code`, `name`, `created_at`, `updated_at`) VALUES
('studentmanagemet', 'Student management', 1473669764, 1473669764),
('userCommonPermissions', 'User common permission', 1473667391, 1473667391),
('userManagement', 'User management', 1473667390, 1473667390);

-- --------------------------------------------------------

--
-- Table structure for table `auth_rule`
--

CREATE TABLE IF NOT EXISTS `auth_rule` (
  `name` varchar(64) NOT NULL,
  `data` text,
  `created_at` int(11) DEFAULT NULL,
  `updated_at` int(11) DEFAULT NULL,
  PRIMARY KEY (`name`)
) ENGINE=InnoDB DEFAULT CHARSET=utf8;

-- --------------------------------------------------------

--
-- Table structure for table `migration`
--

CREATE TABLE IF NOT EXISTS `migration` (
  `version` varchar(180) NOT NULL,
  `apply_time` int(11) DEFAULT NULL,
  PRIMARY KEY (`version`)
) ENGINE=InnoDB DEFAULT CHARSET=latin1;

--
-- Dumping data for table `migration`
--

INSERT INTO `migration` (`version`, `apply_time`) VALUES
('m000000_000000_base', 1473667372),
('m140608_173539_create_user_table', 1473667377),
('m140611_133903_init_rbac', 1473667379),
('m140808_073114_create_auth_item_group_table', 1473667382),
('m140809_072112_insert_superadmin_to_user', 1473667383),
('m140809_073114_insert_common_permisison_to_auth_item', 1473667384),
('m141023_141535_create_user_visit_log', 1473667384),
('m141116_115804_add_bind_to_ip_and_registration_ip_to_user', 1473667386),
('m141121_194858_split_browser_and_os_column', 1473667387),
('m141201_220516_add_email_and_email_confirmed_to_user', 1473667389),
('m141207_001649_create_basic_user_permissions', 1473667391),
('m150626_000001_create_audit_entry', 1473667468),
('m150626_000002_create_audit_data', 1473667470),
('m150626_000003_create_audit_error', 1473667473),
('m150626_000004_create_audit_trail', 1473667477),
('m150626_000005_create_audit_javascript', 1473667479),
('m150626_000006_create_audit_mail', 1473667481),
('m150714_000001_alter_audit_data', 1473667482),
('m160912_080150_create_student_table', 1473668648),
('m160912_083538_create_student_table', 1473669397);

-- --------------------------------------------------------

--
-- Table structure for table `student`
--

CREATE TABLE IF NOT EXISTS `student` (
  `id` int(11) NOT NULL AUTO_INCREMENT,
  `stu_name` varchar(70) NOT NULL,
  `address_line1` varchar(20) NOT NULL,
  `address_line2` varchar(20) NOT NULL,
  `address_line3` varchar(20) DEFAULT NULL,
  `student_tp` int(10) NOT NULL,
  `district` varchar(20) NOT NULL,
  `al_year` int(10) NOT NULL,
  `faculty_name` varchar(70) NOT NULL,
  `gurdian_name` varchar(70) NOT NULL,
  `occupation` varchar(40) DEFAULT NULL,
  `gurdian_tp` int(10) NOT NULL,
  PRIMARY KEY (`id`)
) ENGINE=InnoDB  DEFAULT CHARSET=utf8 AUTO_INCREMENT=2 ;

--
-- Dumping data for table `student`
--

INSERT INTO `student` (`id`, `stu_name`, `address_line1`, `address_line2`, `address_line3`, `student_tp`, `district`, `al_year`, `faculty_name`, `gurdian_name`, `occupation`, `gurdian_tp`) VALUES
(1, 'Thasindu Ranasinghe', 'No:70', 'Darmarathna mw', 'uyanwatta,matara', 713460456, 'Matara', 2011, 'Faculty of Ragama', 'kalyani ranasinhe', 'dental terpist', 412221351);

-- --------------------------------------------------------

--
-- Table structure for table `user`
--

CREATE TABLE IF NOT EXISTS `user` (
  `id` int(11) NOT NULL AUTO_INCREMENT,
  `username` varchar(255) NOT NULL,
  `auth_key` varchar(32) NOT NULL,
  `password_hash` varchar(255) NOT NULL,
  `confirmation_token` varchar(255) DEFAULT NULL,
  `status` int(11) NOT NULL DEFAULT '1',
  `superadmin` smallint(6) DEFAULT '0',
  `created_at` int(11) NOT NULL,
  `updated_at` int(11) NOT NULL,
  `registration_ip` varchar(15) DEFAULT NULL,
  `bind_to_ip` varchar(255) DEFAULT NULL,
  `email` varchar(128) DEFAULT NULL,
  `email_confirmed` smallint(1) NOT NULL DEFAULT '0',
  PRIMARY KEY (`id`)
) ENGINE=InnoDB  DEFAULT CHARSET=utf8 AUTO_INCREMENT=4 ;

--
-- Dumping data for table `user`
--

INSERT INTO `user` (`id`, `username`, `auth_key`, `password_hash`, `confirmation_token`, `status`, `superadmin`, `created_at`, `updated_at`, `registration_ip`, `bind_to_ip`, `email`, `email_confirmed`) VALUES
(1, 'superadmin', '2zedq3EKV0VlExtlLBTrml55BTHDktB3', '$2y$13$htbQzo/ILekYBJPqs0AOqu4szpvyAuaABlbssrPKJzPYUQscWfaAu', NULL, 1, 1, 1473667383, 1473667383, NULL, NULL, NULL, 0),
(2, 'admin', 'yu74JwNt53K8O1Zyhf5rZoIahrB13Z6J', '$2y$13$H9DYuqhZo555gHehO6KzW.pov2gp3d8o5d3HODXOaPQawz6H3h9HC', NULL, 1, 0, 1473669586, 1473669586, '127.0.0.1', '', 'lakshithaf@gmail.com', 0),
(3, 'lakshitha', 'rOT61eAh9tRDaj0KsApjPgwvMjd4fWin', '$2y$13$j1eVLrjjXGM1Vew5iDCfXeevOwPDKZYuZDUeMsOLYA6YWN8ttW39q', NULL, 1, 0, 1473669967, 1473669967, '127.0.0.1', '', 'lakshithaf@gmail.com', 0);

-- --------------------------------------------------------

--
-- Table structure for table `user_visit_log`
--

CREATE TABLE IF NOT EXISTS `user_visit_log` (
  `id` int(11) NOT NULL AUTO_INCREMENT,
  `token` varchar(255) NOT NULL,
  `ip` varchar(15) NOT NULL,
  `language` char(2) NOT NULL,
  `user_agent` varchar(255) NOT NULL,
  `user_id` int(11) DEFAULT NULL,
  `visit_time` int(11) NOT NULL,
  `browser` varchar(30) DEFAULT NULL,
  `os` varchar(20) DEFAULT NULL,
  PRIMARY KEY (`id`),
  KEY `user_id` (`user_id`)
) ENGINE=InnoDB  DEFAULT CHARSET=utf8 AUTO_INCREMENT=21 ;

--
-- Dumping data for table `user_visit_log`
--

INSERT INTO `user_visit_log` (`id`, `token`, `ip`, `language`, `user_agent`, `user_id`, `visit_time`, `browser`, `os`) VALUES
(1, '57d669465f637', '127.0.0.1', 'en', 'Mozilla/5.0 (Windows NT 10.0; WOW64) AppleWebKit/537.36 (KHTML, like Gecko) Chrome/52.0.2743.116 Safari/537.36', 1, 1473669446, 'Chrome', 'Windows'),
(2, '57d66c111c308', '127.0.0.1', 'en', 'Mozilla/5.0 (Windows NT 10.0; WOW64) AppleWebKit/537.36 (KHTML, like Gecko) Chrome/52.0.2743.116 Safari/537.36', 2, 1473670161, 'Chrome', 'Windows'),
(3, '57d66c3414744', '127.0.0.1', 'en', 'Mozilla/5.0 (Windows NT 10.0; WOW64) AppleWebKit/537.36 (KHTML, like Gecko) Chrome/52.0.2743.116 Safari/537.36', 1, 1473670196, 'Chrome', 'Windows'),
(4, '57d66d05c14c7', '127.0.0.1', 'en', 'Mozilla/5.0 (Windows NT 10.0; WOW64) AppleWebKit/537.36 (KHTML, like Gecko) Chrome/52.0.2743.116 Safari/537.36', 2, 1473670405, 'Chrome', 'Windows'),
(5, '57d66d22dd00e', '127.0.0.1', 'en', 'Mozilla/5.0 (Windows NT 10.0; WOW64) AppleWebKit/537.36 (KHTML, like Gecko) Chrome/52.0.2743.116 Safari/537.36', 1, 1473670434, 'Chrome', 'Windows'),
(6, '57d66d5651ebd', '127.0.0.1', 'en', 'Mozilla/5.0 (Windows NT 10.0; WOW64) AppleWebKit/537.36 (KHTML, like Gecko) Chrome/52.0.2743.116 Safari/537.36', 2, 1473670486, 'Chrome', 'Windows'),
(7, '57d66d71c377a', '127.0.0.1', 'en', 'Mozilla/5.0 (Windows NT 10.0; WOW64) AppleWebKit/537.36 (KHTML, like Gecko) Chrome/52.0.2743.116 Safari/537.36', 3, 1473670513, 'Chrome', 'Windows'),
(8, '57d66d8ab64d4', '127.0.0.1', 'en', 'Mozilla/5.0 (Windows NT 10.0; WOW64) AppleWebKit/537.36 (KHTML, like Gecko) Chrome/52.0.2743.116 Safari/537.36', 1, 1473670538, 'Chrome', 'Windows'),
(9, '57d66e33b9c38', '127.0.0.1', 'en', 'Mozilla/5.0 (Windows NT 10.0; WOW64) AppleWebKit/537.36 (KHTML, like Gecko) Chrome/52.0.2743.116 Safari/537.36', 2, 1473670707, 'Chrome', 'Windows'),
(10, '57d66e438c14b', '127.0.0.1', 'en', 'Mozilla/5.0 (Windows NT 10.0; WOW64) AppleWebKit/537.36 (KHTML, like Gecko) Chrome/52.0.2743.116 Safari/537.36', 3, 1473670723, 'Chrome', 'Windows'),
(11, '57d66ef3ba548', '127.0.0.1', 'en', 'Mozilla/5.0 (Windows NT 10.0; WOW64) AppleWebKit/537.36 (KHTML, like Gecko) Chrome/52.0.2743.116 Safari/537.36', 3, 1473670899, 'Chrome', 'Windows'),
(12, '57d66f68a3d9e', '127.0.0.1', 'en', 'Mozilla/5.0 (Windows NT 10.0; WOW64) AppleWebKit/537.36 (KHTML, like Gecko) Chrome/52.0.2743.116 Safari/537.36', 2, 1473671016, 'Chrome', 'Windows'),
(13, '57d67103ed2da', '127.0.0.1', 'en', 'Mozilla/5.0 (Windows NT 10.0; WOW64) AppleWebKit/537.36 (KHTML, like Gecko) Chrome/52.0.2743.116 Safari/537.36', 2, 1473671427, 'Chrome', 'Windows'),
(14, '57d684ca38af2', '127.0.0.1', 'en', 'Mozilla/5.0 (Windows NT 10.0; WOW64) AppleWebKit/537.36 (KHTML, like Gecko) Chrome/52.0.2743.116 Safari/537.36', 2, 1473676490, 'Chrome', 'Windows'),
(15, '57d6935898be8', '127.0.0.1', 'en', 'Mozilla/5.0 (Windows NT 10.0; WOW64) AppleWebKit/537.36 (KHTML, like Gecko) Chrome/52.0.2743.116 Safari/537.36', 2, 1473680216, 'Chrome', 'Windows'),
(16, '57d8d10f69e62', '127.0.0.1', 'en', 'Mozilla/5.0 (Windows NT 10.0; WOW64) AppleWebKit/537.36 (KHTML, like Gecko) Chrome/52.0.2743.116 Safari/537.36', 2, 1473827087, 'Chrome', 'Windows'),
(17, '57d8e0a30f811', '127.0.0.1', 'en', 'Mozilla/5.0 (Windows NT 10.0; WOW64) AppleWebKit/537.36 (KHTML, like Gecko) Chrome/52.0.2743.116 Safari/537.36', 1, 1473831075, 'Chrome', 'Windows'),
(18, '57d8e97077778', '127.0.0.1', 'en', 'Mozilla/5.0 (Windows NT 10.0; WOW64) AppleWebKit/537.36 (KHTML, like Gecko) Chrome/52.0.2743.116 Safari/537.36', 2, 1473833328, 'Chrome', 'Windows'),
(19, '57d8e97cd68ab', '127.0.0.1', 'en', 'Mozilla/5.0 (Windows NT 10.0; WOW64) AppleWebKit/537.36 (KHTML, like Gecko) Chrome/52.0.2743.116 Safari/537.36', 2, 1473833340, 'Chrome', 'Windows'),
(20, '57d8e9ee9652e', '127.0.0.1', 'en', 'Mozilla/5.0 (Windows NT 10.0; WOW64) AppleWebKit/537.36 (KHTML, like Gecko) Chrome/52.0.2743.116 Safari/537.36', 1, 1473833454, 'Chrome', 'Windows');

--
-- Constraints for dumped tables
--

--
-- Constraints for table `audit_data`
--
ALTER TABLE `audit_data`
  ADD CONSTRAINT `fk_audit_data_entry_id` FOREIGN KEY (`entry_id`) REFERENCES `audit_entry` (`id`);

--
-- Constraints for table `audit_error`
--
ALTER TABLE `audit_error`
  ADD CONSTRAINT `fk_audit_error_entry_id` FOREIGN KEY (`entry_id`) REFERENCES `audit_entry` (`id`);

--
-- Constraints for table `audit_javascript`
--
ALTER TABLE `audit_javascript`
  ADD CONSTRAINT `fk_audit_javascript_entry_id` FOREIGN KEY (`entry_id`) REFERENCES `audit_entry` (`id`);

--
-- Constraints for table `audit_mail`
--
ALTER TABLE `audit_mail`
  ADD CONSTRAINT `fk_audit_mail_entry_id` FOREIGN KEY (`entry_id`) REFERENCES `audit_entry` (`id`);

--
-- Constraints for table `audit_trail`
--
ALTER TABLE `audit_trail`
  ADD CONSTRAINT `fk_audit_trail_entry_id` FOREIGN KEY (`entry_id`) REFERENCES `audit_entry` (`id`);

--
-- Constraints for table `auth_assignment`
--
ALTER TABLE `auth_assignment`
  ADD CONSTRAINT `auth_assignment_ibfk_1` FOREIGN KEY (`item_name`) REFERENCES `auth_item` (`name`) ON DELETE CASCADE ON UPDATE CASCADE,
  ADD CONSTRAINT `auth_assignment_ibfk_2` FOREIGN KEY (`user_id`) REFERENCES `user` (`id`) ON DELETE CASCADE ON UPDATE CASCADE;

--
-- Constraints for table `auth_item`
--
ALTER TABLE `auth_item`
  ADD CONSTRAINT `auth_item_ibfk_1` FOREIGN KEY (`rule_name`) REFERENCES `auth_rule` (`name`) ON DELETE SET NULL ON UPDATE CASCADE,
  ADD CONSTRAINT `fk_auth_item_group_code` FOREIGN KEY (`group_code`) REFERENCES `auth_item_group` (`code`) ON DELETE SET NULL ON UPDATE CASCADE;

--
-- Constraints for table `auth_item_child`
--
ALTER TABLE `auth_item_child`
  ADD CONSTRAINT `auth_item_child_ibfk_1` FOREIGN KEY (`parent`) REFERENCES `auth_item` (`name`) ON DELETE CASCADE ON UPDATE CASCADE,
  ADD CONSTRAINT `auth_item_child_ibfk_2` FOREIGN KEY (`child`) REFERENCES `auth_item` (`name`) ON DELETE CASCADE ON UPDATE CASCADE;

--
-- Constraints for table `user_visit_log`
--
ALTER TABLE `user_visit_log`
  ADD CONSTRAINT `user_visit_log_ibfk_1` FOREIGN KEY (`user_id`) REFERENCES `user` (`id`) ON DELETE SET NULL ON UPDATE CASCADE;

/*!40101 SET CHARACTER_SET_CLIENT=@OLD_CHARACTER_SET_CLIENT */;
/*!40101 SET CHARACTER_SET_RESULTS=@OLD_CHARACTER_SET_RESULTS */;
/*!40101 SET COLLATION_CONNECTION=@OLD_COLLATION_CONNECTION */;
